{"train_loss": 0.4456740627226802, "train_accuracy": 0.856351103396774, "_timestamp": 1747617496.4608195, "_runtime": 107.78468751907349, "_step": 19, "val_loss": 0.9753437399864197, "val_accuracy": 0.7191763401031495, "_wandb": {"runtime": 108}}