{"train_loss": 0.6865504322024439, "train_accuracy": 0.7772145974153728, "_timestamp": 1747605272.6737359, "_runtime": 65.59544086456299, "_step": 19, "val_loss": 0.9723494384023879, "val_accuracy": 0.7039144436518351, "_wandb": {"runtime": 66}}