{"train_loss": 0.5267702596035996, "train_accuracy": 0.8309530646814777, "_timestamp": 1747645854.2849097, "_runtime": 530.8331396579742, "_step": 19, "val_loss": 0.8350261322089604, "val_accuracy": 0.7492821148463658, "_wandb": {"runtime": 531}}