{"train_loss": 0.35617897603553156, "train_accuracy": 0.8859975968482178, "_timestamp": 1747652600.3965077, "_runtime": 58.3783757686615, "_step": 19, "val_loss": 0.7968560126092699, "val_accuracy": 0.7633162770006392, "_wandb": {"runtime": 58}}