{"train_loss": 0.35868366570831034, "train_accuracy": 0.8839457520859779, "_timestamp": 1747651289.03741, "_runtime": 54.0937020778656, "_step": 19, "val_loss": 0.876299242178599, "val_accuracy": 0.7467106415165795, "_wandb": {"runtime": 54}}