{"train_loss": 0.39180758044209785, "train_accuracy": 0.8720738765476757, "_timestamp": 1747615344.1034958, "_runtime": 100.00026392936707, "_step": 19, "val_loss": 0.9660305210522243, "val_accuracy": 0.7213624051639012, "_wandb": {"runtime": 100}}