{"train_loss": 0.396709068920571, "train_accuracy": 0.870388867710367, "_timestamp": 1747619292.6186419, "_runtime": 100.85868287086487, "_step": 19, "val_loss": 0.9755252582686288, "val_accuracy": 0.7220475929124015, "_wandb": {"runtime": 101}}