{"train_loss": 0.354909172033988, "train_accuracy": 0.8849263913025057, "_timestamp": 1747617374.9420483, "_runtime": 98.41082429885864, "_step": 19, "val_loss": 1.0070337074143545, "val_accuracy": 0.7234923516001021, "_wandb": {"runtime": 99}}