{"train_loss": 0.4234064069786513, "train_accuracy": 0.8615017622881542, "_timestamp": 1747616194.5569232, "_runtime": 51.929569244384766, "_step": 19, "val_loss": 0.9812668859958649, "val_accuracy": 0.7068869239754147, "_wandb": {"runtime": 52}}