{"train_loss": 0.5313278105906668, "train_accuracy": 0.8339690834800632, "_timestamp": 1747612711.4787815, "_runtime": 63.69375252723694, "_step": 19, "val_loss": 1.0755890839629703, "val_accuracy": 0.6909285287062327, "_wandb": {"runtime": 64}}