{"train_loss": 0.5097175501880011, "train_accuracy": 0.8307136144548353, "_timestamp": 1747596306.8993597, "_runtime": 151.00178360939026, "_step": 19, "val_loss": 0.9285213739975638, "val_accuracy": 0.7200622722722482, "_wandb": {"runtime": 151}}