{"train_loss": 0.48228409869133393, "train_accuracy": 0.8442340761939914, "_timestamp": 1747637518.025692, "_runtime": 62.17932391166687, "_step": 19, "val_loss": 0.7890148725774553, "val_accuracy": 0.7596800956461165, "_wandb": {"runtime": 62}}