{"train_loss": 0.45863046501413246, "train_accuracy": 0.8542569710340114, "_timestamp": 1747651366.5707352, "_runtime": 65.10850429534912, "_step": 19, "val_loss": 0.8035319646199545, "val_accuracy": 0.7592971722284952, "_wandb": {"runtime": 65}}