{"train_loss": 0.3331440685456888, "train_accuracy": 0.8941153804690851, "_timestamp": 1747618409.1811595, "_runtime": 59.74483847618103, "_step": 19, "val_loss": 0.99498450756073, "val_accuracy": 0.7197500632868873, "_wandb": {"runtime": 60}}