{"train_loss": 0.8645694994857546, "train_accuracy": 0.7062768104103948, "_timestamp": 1747622921.5052521, "_runtime": 101.42390823364258, "_step": 19, "val_loss": 0.9787778973579406, "val_accuracy": 0.6802334785461426, "_wandb": {"runtime": 102}}