{"train_loss": 0.2948686549859929, "train_accuracy": 0.9037345919994949, "_timestamp": 1747609218.9976768, "_runtime": 92.26461791992188, "_step": 19, "val_loss": 1.0893456595284599, "val_accuracy": 0.7119455507823399, "_wandb": {"runtime": 92}}