{"train_loss": 0.3351025527956858, "train_accuracy": 0.8930766558371528, "_timestamp": 1747653495.403636, "_runtime": 70.07879090309143, "_step": 19, "val_loss": 0.9119533797105154, "val_accuracy": 0.7477959129545424, "_wandb": {"runtime": 70}}