{"train_loss": 0.44269982910569694, "train_accuracy": 0.8578109982385801, "_timestamp": 1747655692.8556008, "_runtime": 60.552231788635254, "_step": 19, "val_loss": 0.8249413039949205, "val_accuracy": 0.7556923958990309, "_wandb": {"runtime": 61}}