{"train_loss": 0.3358755218069677, "train_accuracy": 0.8920722074935891, "_timestamp": 1747639333.789501, "_runtime": 95.84104490280151, "_step": 19, "val_loss": 0.8376554770129068, "val_accuracy": 0.7673078502927507, "_wandb": {"runtime": 96}}