{"train_loss": 0.33268758130573844, "train_accuracy": 0.8891695011541916, "_timestamp": 1747603036.8455787, "_runtime": 151.6115367412567, "_step": 19, "val_loss": 1.023396038490793, "val_accuracy": 0.7252815529920053, "_wandb": {"runtime": 152}}