{"train_loss": 0.29063019156455994, "train_accuracy": 0.9093588397682058, "_timestamp": 1747608530.4992049, "_runtime": 62.020649909973145, "_step": 19, "val_loss": 1.0186683668030634, "val_accuracy": 0.7254893018139733, "_wandb": {"runtime": 62}}