{"train_loss": 0.4590615140909404, "train_accuracy": 0.8516459251414834, "_timestamp": 1747652179.1241007, "_runtime": 61.01275563240051, "_step": 19, "val_loss": 0.8243394758966234, "val_accuracy": 0.7502708832422892, "_wandb": {"runtime": 61}}