{"train_loss": 1.1614221551514774, "train_accuracy": 0.642885921318407, "_timestamp": 1747589026.9020267, "_runtime": 71.35391759872437, "_step": 19, "val_loss": 1.2080104981149946, "val_accuracy": 0.6319862791470119, "_wandb": {"runtime": 71}}