{"train_loss": 0.3993253819859786, "train_accuracy": 0.8732306778086403, "_timestamp": 1747640630.9566104, "_runtime": 65.81222152709961, "_step": 19, "val_loss": 0.8539850910504659, "val_accuracy": 0.7564813594023386, "_wandb": {"runtime": 66}}