{"train_loss": 0.46360365824312966, "train_accuracy": 0.8470249431350642, "_timestamp": 1747611035.4999464, "_runtime": 141.95156240463257, "_step": 19, "val_loss": 0.9829225959121317, "val_accuracy": 0.711795127046281, "_wandb": {"runtime": 142}}