{"train_loss": 0.35255509923318706, "train_accuracy": 0.8823534634109862, "_timestamp": 1747605449.6979082, "_runtime": 165.87696719169617, "_step": 19, "val_loss": 1.044330768827079, "val_accuracy": 0.7093254569647969, "_wandb": {"runtime": 166}}