{"train_loss": 0.39523349314755785, "train_accuracy": 0.8737781096056018, "_timestamp": 1747615231.5865722, "_runtime": 53.99394106864929, "_step": 19, "val_loss": 0.9573309454652998, "val_accuracy": 0.7211622662014432, "_wandb": {"runtime": 54}}