{"train_loss": 0.417341074502537, "train_accuracy": 0.8643947574444589, "_timestamp": 1747653413.327136, "_runtime": 100.20637202262878, "_step": 19, "val_loss": 0.9392464688846043, "val_accuracy": 0.7329697711127144, "_wandb": {"runtime": 100}}