{"train_loss": 0.7197447919897336, "train_accuracy": 0.7613610980652176, "_timestamp": 1747595758.9773004, "_runtime": 138.14412546157837, "_step": 19, "val_loss": 0.9459183527075726, "val_accuracy": 0.6956401199534319, "_wandb": {"runtime": 138}}