{"train_loss": 0.5340439298563514, "train_accuracy": 0.8220126615074368, "_timestamp": 1747597929.9336615, "_runtime": 149.95194554328918, "_step": 19, "val_loss": 0.9675049263498058, "val_accuracy": 0.7034436516139818, "_wandb": {"runtime": 150}}