{"train_loss": 0.7422427225388942, "train_accuracy": 0.7543886778323592, "_timestamp": 1747622160.6090908, "_runtime": 175.88385772705078, "_step": 19, "val_loss": 0.8617062227449556, "val_accuracy": 0.7216422842896503, "_wandb": {"runtime": 176}}