{"train_loss": 0.4895322693221142, "train_accuracy": 0.8410911022583184, "_timestamp": 1747628708.129421, "_runtime": 60.25020408630371, "_step": 19, "val_loss": 0.8290328847037421, "val_accuracy": 0.7441131969292959, "_wandb": {"runtime": 60}}