{"train_loss": 0.46038152458350784, "train_accuracy": 0.8533103855359072, "_timestamp": 1747641389.2863712, "_runtime": 61.763328313827515, "_step": 19, "val_loss": 0.8281770514117347, "val_accuracy": 0.7578035129441155, "_wandb": {"runtime": 62}}