{"train_loss": 0.32515454585152553, "train_accuracy": 0.8957293943173623, "_timestamp": 1747611097.3504162, "_runtime": 51.132548093795776, "_step": 19, "val_loss": 1.0071959065066443, "val_accuracy": 0.7213066087828742, "_wandb": {"runtime": 51}}