{"train_loss": 0.4295441311907906, "train_accuracy": 0.8606132465290885, "_timestamp": 1747615166.4111512, "_runtime": 55.44017028808594, "_step": 19, "val_loss": 0.9202864070733389, "val_accuracy": 0.7228178381919861, "_wandb": {"runtime": 55}}