{"train_loss": 0.507305865687442, "train_accuracy": 0.8373511213098648, "_timestamp": 1747634982.3077466, "_runtime": 61.13877463340759, "_step": 19, "val_loss": 0.7962031993601058, "val_accuracy": 0.754638695054584, "_wandb": {"runtime": 61}}