{"train_loss": 0.42912835692394674, "train_accuracy": 0.8612620548016763, "_timestamp": 1747616133.371595, "_runtime": 62.334654808044434, "_step": 19, "val_loss": 0.9392291042539809, "val_accuracy": 0.7266043126583099, "_wandb": {"runtime": 63}}