{"train_loss": 0.3953877806318978, "train_accuracy": 0.8729532168090688, "_timestamp": 1747648914.8549113, "_runtime": 95.79156637191772, "_step": 19, "val_loss": 0.8372165586267198, "val_accuracy": 0.7590889590127128, "_wandb": {"runtime": 96}}