{"train_loss": 1.1697737293780883, "train_accuracy": 0.6401791753451949, "_timestamp": 1747588674.3135424, "_runtime": 62.27494430541992, "_step": 19, "val_loss": 1.2289715426308767, "val_accuracy": 0.625334735427584, "_wandb": {"runtime": 62}}