{"train_loss": 0.40657288283971005, "train_accuracy": 0.869138258730056, "_timestamp": 1747646935.076544, "_runtime": 237.92198514938354, "_step": 19, "val_loss": 0.800222549173567, "val_accuracy": 0.7616100907325745, "_wandb": {"runtime": 238}}