{"train_loss": 0.3562879624699718, "train_accuracy": 0.8836806345779541, "_timestamp": 1747624958.5897655, "_runtime": 170.26241660118103, "_step": 19, "val_loss": 0.8247251812962518, "val_accuracy": 0.7612692039945851, "_wandb": {"runtime": 170}}