{"train_loss": 0.5253515140451329, "train_accuracy": 0.8250577120290996, "_timestamp": 1747608134.962979, "_runtime": 150.35637712478638, "_step": 19, "val_loss": 0.9693633991739025, "val_accuracy": 0.7108901065328846, "_wandb": {"runtime": 150}}