{"train_loss": 0.28895390916594194, "train_accuracy": 0.9063313655081512, "_timestamp": 1747621117.578514, "_runtime": 101.60188698768616, "_step": 19, "val_loss": 1.0321852224213737, "val_accuracy": 0.725832998752594, "_wandb": {"runtime": 102}}