{"train_loss": 0.38420924199798895, "train_accuracy": 0.8759637602491875, "_timestamp": 1747656323.198075, "_runtime": 57.55568814277649, "_step": 19, "val_loss": 0.8168615897496542, "val_accuracy": 0.7623904446760813, "_wandb": {"runtime": 58}}