{"train_loss": 0.36732522953796937, "train_accuracy": 0.8797244415806897, "_timestamp": 1747621397.1690946, "_runtime": 100.47935152053833, "_step": 19, "val_loss": 0.9517187373978752, "val_accuracy": 0.7254995158740453, "_wandb": {"runtime": 101}}