{"train_loss": 0.33492879513543466, "train_accuracy": 0.8908126311150589, "_timestamp": 1747606607.5575662, "_runtime": 90.26933526992798, "_step": 19, "val_loss": 0.9937683480126517, "val_accuracy": 0.7211323669978551, "_wandb": {"runtime": 90}}