{"train_loss": 0.24033085437696103, "train_accuracy": 0.9221785494013329, "_timestamp": 1747649644.2627285, "_runtime": 90.10319542884827, "_step": 19, "val_loss": 0.920473290341241, "val_accuracy": 0.7575962815965925, "_wandb": {"runtime": 90}}