{"train_loss": 0.4147563037500216, "train_accuracy": 0.8674980603546076, "_timestamp": 1747649028.2588348, "_runtime": 102.06773591041565, "_step": 19, "val_loss": 0.8175250342914037, "val_accuracy": 0.7563567280769348, "_wandb": {"runtime": 102}}