{"train_loss": 0.355311823909086, "train_accuracy": 0.8825308326874387, "_timestamp": 1747605198.4469028, "_runtime": 175.05038475990295, "_step": 19, "val_loss": 1.012583958066028, "val_accuracy": 0.7162115876225458, "_wandb": {"runtime": 175}}