{"train_loss": 0.7508260752633753, "train_accuracy": 0.7514494373725913, "_timestamp": 1747622811.3709157, "_runtime": 169.32989263534546, "_step": 19, "val_loss": 0.9040830165579699, "val_accuracy": 0.7144093625787376, "_wandb": {"runtime": 169}}