{"train_loss": 0.28796138412001504, "train_accuracy": 0.9090265252686649, "_timestamp": 1747635410.6652565, "_runtime": 50.05999946594238, "_step": 19, "val_loss": 0.8726633886496226, "val_accuracy": 0.7620116240448422, "_wandb": {"runtime": 50}}