{"train_loss": 0.4587907705003816, "train_accuracy": 0.8497457611078472, "_timestamp": 1747639719.7025044, "_runtime": 58.387351512908936, "_step": 19, "val_loss": 0.8630636367532942, "val_accuracy": 0.7468532390064664, "_wandb": {"runtime": 59}}