{"train_loss": 0.37012642518633365, "train_accuracy": 0.8813294451360758, "_timestamp": 1747656678.1283195, "_runtime": 59.664260387420654, "_step": 19, "val_loss": 0.8358435134092966, "val_accuracy": 0.7557053599092696, "_wandb": {"runtime": 60}}