{"train_loss": 0.4120883614341648, "train_accuracy": 0.8624163700666042, "_timestamp": 1747617556.4764965, "_runtime": 50.63463044166565, "_step": 19, "val_loss": 1.0036527083979712, "val_accuracy": 0.7132380538516574, "_wandb": {"runtime": 51}}