{"train_loss": 0.34631523972301814, "train_accuracy": 0.8865409651932689, "_timestamp": 1747606506.6435387, "_runtime": 96.60097980499268, "_step": 19, "val_loss": 0.9885614701679775, "val_accuracy": 0.7216340626989092, "_wandb": {"runtime": 97}}