{"train_loss": 0.34299104165479627, "train_accuracy": 0.8886365800923695, "_timestamp": 1747654899.2154632, "_runtime": 58.39804005622864, "_step": 19, "val_loss": 0.8718991312715743, "val_accuracy": 0.7526153955194685, "_wandb": {"runtime": 59}}