{"train_loss": 1.2153538687725287, "train_accuracy": 0.592800478714739, "_timestamp": 1747589689.036863, "_runtime": 60.25630307197571, "_step": 19, "val_loss": 1.2307443976402284, "val_accuracy": 0.5956177302769252, "_wandb": {"runtime": 60}}