{"train_loss": 0.3781984971159619, "train_accuracy": 0.875972444172706, "_timestamp": 1747600354.0518122, "_runtime": 143.18080925941467, "_step": 19, "val_loss": 1.0179518154565839, "val_accuracy": 0.7100148900695469, "_wandb": {"runtime": 143}}