{"train_loss": 0.26070821448902176, "train_accuracy": 0.9175593594595187, "_timestamp": 1747654342.7653182, "_runtime": 59.347018241882324, "_step": 19, "val_loss": 0.923402276304033, "val_accuracy": 0.7525928053590987, "_wandb": {"runtime": 59}}