{"train_loss": 0.44438783817974425, "train_accuracy": 0.8568696788526996, "_timestamp": 1747649198.363769, "_runtime": 159.88327598571777, "_step": 19, "val_loss": 0.8645941053611644, "val_accuracy": 0.7469272527141847, "_wandb": {"runtime": 160}}