{"train_loss": 0.4725660373365259, "train_accuracy": 0.8462300531436943, "_timestamp": 1747606673.580436, "_runtime": 54.13596987724304, "_step": 19, "val_loss": 0.9219235976537069, "val_accuracy": 0.7288908097479079, "_wandb": {"runtime": 54}}