{"train_loss": 0.45037947991335325, "train_accuracy": 0.8520772424391928, "_timestamp": 1747633989.747232, "_runtime": 95.7103168964386, "_step": 19, "val_loss": 0.8868953687804085, "val_accuracy": 0.7412196806498936, "_wandb": {"runtime": 96}}