{"train_loss": 0.35165194792382287, "train_accuracy": 0.8867137134075165, "_timestamp": 1747605617.4151797, "_runtime": 89.05391883850098, "_step": 19, "val_loss": 0.9956363184111459, "val_accuracy": 0.730096617766789, "_wandb": {"runtime": 89}}