{"train_loss": 0.33941917655440423, "train_accuracy": 0.8908393493277489, "_timestamp": 1747640999.021469, "_runtime": 54.70158100128174, "_step": 19, "val_loss": 0.8572354151142968, "val_accuracy": 0.7522807551754845, "_wandb": {"runtime": 55}}