{"train_loss": 0.39122965662334486, "train_accuracy": 0.8710707019793487, "_timestamp": 1747613008.449283, "_runtime": 161.19383192062378, "_step": 19, "val_loss": 1.0104258872460627, "val_accuracy": 0.7148126726565154, "_wandb": {"runtime": 161}}