{"train_loss": 0.7044447179123565, "train_accuracy": 0.7625696615096285, "_timestamp": 1747601050.653688, "_runtime": 151.75328993797302, "_step": 19, "val_loss": 0.9337870759376581, "val_accuracy": 0.6906637393909952, "_wandb": {"runtime": 152}}