{"train_loss": 0.3291553407046147, "train_accuracy": 0.8936078090199157, "_timestamp": 1747607797.9398274, "_runtime": 98.44891047477722, "_step": 19, "val_loss": 1.006021055153438, "val_accuracy": 0.7242798328399658, "_wandb": {"runtime": 99}}