{"train_loss": 0.389771967437226, "train_accuracy": 0.8759336223492044, "_timestamp": 1747636532.9885874, "_runtime": 59.02056527137756, "_step": 19, "val_loss": 0.8975895974371169, "val_accuracy": 0.7447887063026428, "_wandb": {"runtime": 59}}