{"train_loss": 0.31080312496415097, "train_accuracy": 0.8972845302649414, "_timestamp": 1747598094.8988233, "_runtime": 151.94208216667175, "_step": 19, "val_loss": 1.076129612715348, "val_accuracy": 0.7078156816786614, "_wandb": {"runtime": 152}}