{"train_loss": 0.673278909516231, "train_accuracy": 0.7713018548816399, "_timestamp": 1747597601.620462, "_runtime": 152.4211769104004, "_step": 19, "val_loss": 0.9821939796641252, "val_accuracy": 0.6884766022364298, "_wandb": {"runtime": 153}}