{"train_loss": 0.3650297605999989, "train_accuracy": 0.8824008280565011, "_timestamp": 1747633714.1686552, "_runtime": 181.79897713661194, "_step": 19, "val_loss": 0.8319689722164817, "val_accuracy": 0.7563003707623136, "_wandb": {"runtime": 182}}