{"train_loss": 0.5335539153890113, "train_accuracy": 0.8302337413578365, "_timestamp": 1747658457.5622277, "_runtime": 69.89882373809814, "_step": 19, "val_loss": 0.8381057249175178, "val_accuracy": 0.7468033598528968, "_wandb": {"runtime": 70}}