{"train_loss": 0.3492447205329942, "train_accuracy": 0.8853402878717127, "_timestamp": 1747595950.2730079, "_runtime": 181.77017998695374, "_step": 19, "val_loss": 0.9928078159042026, "val_accuracy": 0.7222489066745924, "_wandb": {"runtime": 182}}