{"train_loss": 0.41414074246593985, "train_accuracy": 0.8621584259705737, "_timestamp": 1747616259.489114, "_runtime": 55.59796214103699, "_step": 19, "val_loss": 1.003536793920729, "val_accuracy": 0.7212910486592187, "_wandb": {"runtime": 56}}