{"train_loss": 0.31904932198838454, "train_accuracy": 0.8943261134986767, "_timestamp": 1747606321.8740647, "_runtime": 161.5306396484375, "_step": 19, "val_loss": 1.0578148485957712, "val_accuracy": 0.7108498198398645, "_wandb": {"runtime": 162}}