{"train_loss": 0.6038398587634798, "train_accuracy": 0.8073232011987984, "_timestamp": 1747620615.5259879, "_runtime": 54.393176794052124, "_step": 19, "val_loss": 0.967628988954756, "val_accuracy": 0.7084767487314012, "_wandb": {"runtime": 55}}