{"train_loss": 0.42222968811933703, "train_accuracy": 0.8638038924663742, "_timestamp": 1747634275.7097101, "_runtime": 55.39996004104614, "_step": 19, "val_loss": 0.8300095631016625, "val_accuracy": 0.7516647842195299, "_wandb": {"runtime": 56}}