{"train_loss": 0.39679772247468803, "train_accuracy": 0.8703387975692749, "_timestamp": 1747608238.7542644, "_runtime": 91.1543242931366, "_step": 19, "val_loss": 0.9584458010537283, "val_accuracy": 0.7295188103403364, "_wandb": {"runtime": 91}}