{"train_loss": 0.33524167985585385, "train_accuracy": 0.8897606468614127, "_timestamp": 1747613689.1495492, "_runtime": 51.65197229385376, "_step": 19, "val_loss": 1.0452963676717546, "val_accuracy": 0.7195564011732737, "_wandb": {"runtime": 52}}