{"train_loss": 0.4508907534828076, "train_accuracy": 0.8488855620340116, "_timestamp": 1747619507.7555633, "_runtime": 50.31123733520508, "_step": 19, "val_loss": 0.9858057035340203, "val_accuracy": 0.7163871460490756, "_wandb": {"runtime": 50}}