{"train_loss": 0.3510809070457613, "train_accuracy": 0.8894040422632515, "_timestamp": 1747635277.3261485, "_runtime": 65.19573044776917, "_step": 19, "val_loss": 0.8535792198446062, "val_accuracy": 0.755836569600635, "_wandb": {"runtime": 65}}