{"train_loss": 0.5313619330439264, "train_accuracy": 0.830958047009617, "_timestamp": 1747626933.4531662, "_runtime": 104.06724119186401, "_step": 19, "val_loss": 0.8115127061094557, "val_accuracy": 0.7503920555114746, "_wandb": {"runtime": 104}}