{"train_loss": 0.41119198371909255, "train_accuracy": 0.8634294312813379, "_timestamp": 1747612835.3222873, "_runtime": 49.65610933303833, "_step": 19, "val_loss": 0.9875065121385787, "val_accuracy": 0.7088050014442868, "_wandb": {"runtime": 50}}