{"train_loss": 0.42288105353454636, "train_accuracy": 0.8639979899963203, "_timestamp": 1747634840.1503296, "_runtime": 57.01184964179993, "_step": 19, "val_loss": 0.7999216483698951, "val_accuracy": 0.7637640304035611, "_wandb": {"runtime": 57}}