{"train_loss": 0.4099339194779113, "train_accuracy": 0.8666764525359688, "_timestamp": 1747597437.8952127, "_runtime": 156.6617715358734, "_step": 19, "val_loss": 1.0277818329092385, "val_accuracy": 0.7028508747833363, "_wandb": {"runtime": 157}}