{"train_loss": 0.32908284879488753, "train_accuracy": 0.893537741003698, "_timestamp": 1747599856.1339169, "_runtime": 99.75998282432556, "_step": 19, "val_loss": 1.0054696457726615, "val_accuracy": 0.7232698270252773, "_wandb": {"runtime": 100}}