{"train_loss": 0.4951903866550137, "train_accuracy": 0.8414621363485479, "_timestamp": 1747653304.9758217, "_runtime": 68.57985973358154, "_step": 19, "val_loss": 0.8468647764788734, "val_accuracy": 0.7464793589380052, "_wandb": {"runtime": 69}}