{"train_loss": 0.5483374593058074, "train_accuracy": 0.8143404565450084, "_timestamp": 1747619386.6053617, "_runtime": 82.78490281105042, "_step": 19, "val_loss": 0.9782572065080916, "val_accuracy": 0.7124797548566546, "_wandb": {"runtime": 83}}