{"train_loss": 1.0538894359868791, "train_accuracy": 0.6511064933453904, "_timestamp": 1747590803.0291538, "_runtime": 139.8632698059082, "_step": 19, "val_loss": 1.0826170841852825, "val_accuracy": 0.6424998710120934, "_wandb": {"runtime": 140}}