{"train_loss": 0.2589492559454548, "train_accuracy": 0.9155635634483028, "_timestamp": 1747619969.950447, "_runtime": 149.81274318695068, "_step": 19, "val_loss": 1.0727914796359297, "val_accuracy": 0.7262442785760631, "_wandb": {"runtime": 150}}