{"train_loss": 0.5218195573207094, "train_accuracy": 0.8266640911053991, "_timestamp": 1747596960.784547, "_runtime": 147.91615414619446, "_step": 19, "val_loss": 0.9950136792832527, "val_accuracy": 0.6950672208399012, "_wandb": {"runtime": 148}}