{"train_loss": 0.4767898546822498, "train_accuracy": 0.8471460256273347, "_timestamp": 1747629977.000321, "_runtime": 93.46382880210876, "_step": 19, "val_loss": 0.8307848044804165, "val_accuracy": 0.7497358288083757, "_wandb": {"runtime": 93}}