{"train_loss": 0.3903659521844346, "train_accuracy": 0.8736226400198964, "_timestamp": 1747656177.144063, "_runtime": 60.05303907394409, "_step": 19, "val_loss": 0.79541986518436, "val_accuracy": 0.7584937579101987, "_wandb": {"runtime": 60}}