{"train_loss": 0.34655164233866453, "train_accuracy": 0.8905248807344822, "_timestamp": 1747634772.2761676, "_runtime": 60.66743063926697, "_step": 19, "val_loss": 0.8629099097516801, "val_accuracy": 0.7519481480121613, "_wandb": {"runtime": 61}}