{"train_loss": 0.5884411419402658, "train_accuracy": 0.8140641282059554, "_timestamp": 1747619580.9594624, "_runtime": 62.092220306396484, "_step": 19, "val_loss": 1.0025165147251553, "val_accuracy": 0.7022221717569563, "_wandb": {"runtime": 62}}