{"train_loss": 0.428861796511391, "train_accuracy": 0.8612818895392336, "_timestamp": 1747632444.886297, "_runtime": 102.30538010597229, "_step": 19, "val_loss": 0.8185192278453282, "val_accuracy": 0.7601278049605233, "_wandb": {"runtime": 102}}