{"train_loss": 0.36501311999240243, "train_accuracy": 0.8799600959169191, "_timestamp": 1747609686.0135796, "_runtime": 180.71609950065613, "_step": 19, "val_loss": 1.0095166516476783, "val_accuracy": 0.7175971753355386, "_wandb": {"runtime": 181}}