{"train_loss": 0.6785514120421657, "train_accuracy": 0.7767525325620794, "_timestamp": 1747607447.7871797, "_runtime": 54.18580770492554, "_step": 19, "val_loss": 0.9505231512917413, "val_accuracy": 0.7047142816914452, "_wandb": {"runtime": 54}}