{"train_loss": 0.5555457325512274, "train_accuracy": 0.8179930546724727, "_timestamp": 1747624571.4853654, "_runtime": 93.30847930908203, "_step": 19, "val_loss": 0.7984279504844121, "val_accuracy": 0.7445911918367658, "_wandb": {"runtime": 93}}