{"train_loss": 0.4016574616032529, "train_accuracy": 0.8713810753960141, "_timestamp": 1747641777.114299, "_runtime": 234.83411407470703, "_step": 19, "val_loss": 0.8161470426453484, "val_accuracy": 0.7636449601915147, "_wandb": {"runtime": 235}}