{"train_loss": 0.5901284135888868, "train_accuracy": 0.8067306378470833, "_timestamp": 1747596647.154535, "_runtime": 160.31499600410461, "_step": 19, "val_loss": 0.9552941227304763, "val_accuracy": 0.7010763261629187, "_wandb": {"runtime": 161}}