{"train_loss": 0.3311868546107398, "train_accuracy": 0.8933824696692647, "_timestamp": 1747628637.1415668, "_runtime": 182.54900979995728, "_step": 19, "val_loss": 0.8794251507607059, "val_accuracy": 0.7553739452707595, "_wandb": {"runtime": 183}}