{"train_loss": 0.760161561428467, "train_accuracy": 0.7599066592365331, "_timestamp": 1747645314.081789, "_runtime": 235.1877429485321, "_step": 19, "val_loss": 0.901206417216195, "val_accuracy": 0.7210968931516012, "_wandb": {"runtime": 235}}