{"train_loss": 0.4000965078614351, "train_accuracy": 0.8703520577077921, "_timestamp": 1747632805.176151, "_runtime": 90.46519994735718, "_step": 19, "val_loss": 0.8677267014980317, "val_accuracy": 0.7496125306401934, "_wandb": {"runtime": 90}}