{"train_loss": 0.32923373140696155, "train_accuracy": 0.894791305065155, "_timestamp": 1747619178.8429139, "_runtime": 58.552881956100464, "_step": 19, "val_loss": 0.9673106107446883, "val_accuracy": 0.7289958563115861, "_wandb": {"runtime": 59}}