{"train_loss": 0.441903530173219, "train_accuracy": 0.8562786556737272, "_timestamp": 1747657049.6442585, "_runtime": 104.40366744995117, "_step": 19, "val_loss": 0.7907215578215463, "val_accuracy": 0.7555012226104736, "_wandb": {"runtime": 104}}