{"train_loss": 0.3847664370702181, "train_accuracy": 0.875684106970109, "_timestamp": 1747635545.8935375, "_runtime": 57.53615641593933, "_step": 19, "val_loss": 0.8063411513964335, "val_accuracy": 0.7585428324010637, "_wandb": {"runtime": 58}}