{"train_loss": 0.2796287096476968, "train_accuracy": 0.9095108776078747, "_timestamp": 1747638411.1382976, "_runtime": 96.85422348976135, "_step": 19, "val_loss": 0.8805587691920144, "val_accuracy": 0.7600769809314183, "_wandb": {"runtime": 97}}