{"train_loss": 0.4138819379355177, "train_accuracy": 0.8654628547629869, "_timestamp": 1747631566.1316118, "_runtime": 345.19015073776245, "_step": 19, "val_loss": 0.884895670413971, "val_accuracy": 0.7439228619847978, "_wandb": {"runtime": 345}}