{"train_loss": 0.4809243856482423, "train_accuracy": 0.8375837461796799, "_timestamp": 1747612401.7365634, "_runtime": 55.360780477523804, "_step": 19, "val_loss": 0.958642989397049, "val_accuracy": 0.7196077009042104, "_wandb": {"runtime": 55}}