{"train_loss": 0.3921291261394589, "train_accuracy": 0.8743583901080093, "_timestamp": 1747605796.853795, "_runtime": 59.51843309402466, "_step": 19, "val_loss": 0.9571325679620107, "val_accuracy": 0.728073967827691, "_wandb": {"runtime": 60}}