{"train_loss": 0.48449493918804765, "train_accuracy": 0.8379638315625273, "_timestamp": 1747614233.9431438, "_runtime": 55.467766761779785, "_step": 19, "val_loss": 0.9881958365440369, "val_accuracy": 0.7160371674431695, "_wandb": {"runtime": 56}}