{"train_loss": 0.45179343878189265, "train_accuracy": 0.8555439865658049, "_timestamp": 1747634910.403458, "_runtime": 60.79683709144592, "_step": 19, "val_loss": 0.8081530332565308, "val_accuracy": 0.7519517375363244, "_wandb": {"runtime": 61}}