{"train_loss": 1.0245890455204567, "train_accuracy": 0.6780290639866279, "_timestamp": 1747589825.4572031, "_runtime": 125.24658608436584, "_step": 19, "val_loss": 1.1123985121215598, "val_accuracy": 0.6539865805619005, "_wandb": {"runtime": 125}}