{"train_loss": 0.3287653325696212, "train_accuracy": 0.8928964637607508, "_timestamp": 1747655528.7684586, "_runtime": 95.46324157714844, "_step": 19, "val_loss": 0.8368389376572201, "val_accuracy": 0.7595901148659843, "_wandb": {"runtime": 95}}