{"train_loss": 0.6624253135169121, "train_accuracy": 0.7761157756258886, "_timestamp": 1747597767.8721774, "_runtime": 155.7959063053131, "_step": 19, "val_loss": 1.0000229339668716, "val_accuracy": 0.6932249293811079, "_wandb": {"runtime": 156}}