{"train_loss": 0.4065229574035358, "train_accuracy": 0.8645977753435257, "_timestamp": 1747609492.6519194, "_runtime": 54.9839403629303, "_step": 19, "val_loss": 0.999127940999137, "val_accuracy": 0.7175387077861362, "_wandb": {"runtime": 55}}