{"train_loss": 0.33920787404038316, "train_accuracy": 0.8880577676558081, "_timestamp": 1747612535.8404222, "_runtime": 51.65126013755798, "_step": 19, "val_loss": 1.0204470621214972, "val_accuracy": 0.7298587196403079, "_wandb": {"runtime": 52}}