{"train_loss": 0.6432026318042954, "train_accuracy": 0.7922245126239137, "_timestamp": 1747613448.8146405, "_runtime": 66.32458257675171, "_step": 19, "val_loss": 0.9924808078342013, "val_accuracy": 0.703925179110633, "_wandb": {"runtime": 66}}