{"train_loss": 0.3087188265141035, "train_accuracy": 0.899963537909392, "_timestamp": 1747640726.2616277, "_runtime": 84.1334376335144, "_step": 19, "val_loss": 0.8546188414096832, "val_accuracy": 0.7591484665870667, "_wandb": {"runtime": 84}}