{"train_loss": 0.5954313395340318, "train_accuracy": 0.8109383131727318, "_timestamp": 1747656255.1010396, "_runtime": 66.48087453842163, "_step": 19, "val_loss": 0.880924277835422, "val_accuracy": 0.733039786418279, "_wandb": {"runtime": 66}}