{"train_loss": 0.4174713513065625, "train_accuracy": 0.8661461885953914, "_timestamp": 1747656609.0863318, "_runtime": 62.60318994522095, "_step": 19, "val_loss": 0.8381223115656111, "val_accuracy": 0.758209980196423, "_wandb": {"runtime": 63}}