{"train_loss": 0.3064330246923976, "train_accuracy": 0.9015630621441527, "_timestamp": 1747627615.2641976, "_runtime": 108.82419347763062, "_step": 19, "val_loss": 0.9288402625492641, "val_accuracy": 0.7492254052843367, "_wandb": {"runtime": 109}}