{"train_loss": 0.8998968773494566, "train_accuracy": 0.7074013495376344, "_timestamp": 1747656532.7961998, "_runtime": 113.86438369750977, "_step": 19, "val_loss": 0.9524054322923933, "val_accuracy": 0.6966682025364467, "_wandb": {"runtime": 114}}