{"train_loss": 0.3952599732385875, "train_accuracy": 0.8685480865141763, "_timestamp": 1747602715.5735908, "_runtime": 156.27952480316162, "_step": 19, "val_loss": 1.036353279714999, "val_accuracy": 0.703711948532989, "_wandb": {"runtime": 156}}