{"train_loss": 0.4414578662442334, "train_accuracy": 0.8617242964016909, "_timestamp": 1747628845.9720426, "_runtime": 60.06114649772644, "_step": 19, "val_loss": 0.8238191141022576, "val_accuracy": 0.7528084913889567, "_wandb": {"runtime": 60}}