{"train_loss": 0.3057664895023175, "train_accuracy": 0.9002355025749648, "_timestamp": 1747591760.0544066, "_runtime": 155.28776955604553, "_step": 19, "val_loss": 1.1299305324969084, "val_accuracy": 0.6893627609031788, "_wandb": {"runtime": 155}}