{"train_loss": 0.3740795109571749, "train_accuracy": 0.8800779391575411, "_timestamp": 1747625814.7962475, "_runtime": 100.35400056838989, "_step": 19, "val_loss": 0.8291015386581421, "val_accuracy": 0.755596159185682, "_wandb": {"runtime": 100}}