{"train_loss": 0.6092413172190511, "train_accuracy": 0.7966901014751705, "_timestamp": 1747591933.3842497, "_runtime": 160.7368986606598, "_step": 19, "val_loss": 0.9437537547470867, "val_accuracy": 0.7057262382645538, "_wandb": {"runtime": 161}}