{"train_loss": 1.2969032105682903, "train_accuracy": 0.5834903675696753, "_timestamp": 1747654559.1740541, "_runtime": 66.01989507675171, "_step": 19, "val_loss": 1.2303558190663655, "val_accuracy": 0.6194545163048638, "_wandb": {"runtime": 66}}