{"train_loss": 0.3118096926825584, "train_accuracy": 0.899969011717449, "_timestamp": 1747618642.0732474, "_runtime": 52.95564150810242, "_step": 19, "val_loss": 0.9986886580785116, "val_accuracy": 0.7228233085738288, "_wandb": {"runtime": 53}}