{"train_loss": 0.426768599045759, "train_accuracy": 0.8576031158425216, "_timestamp": 1747620346.0586808, "_runtime": 50.848535776138306, "_step": 19, "val_loss": 0.9982518156369528, "val_accuracy": 0.7172797719637553, "_wandb": {"runtime": 51}}