{"train_loss": 0.5200274474110168, "train_accuracy": 0.8316978280865163, "_timestamp": 1747651965.0544598, "_runtime": 178.2578248977661, "_step": 19, "val_loss": 0.8055257361004318, "val_accuracy": 0.7460851055988367, "_wandb": {"runtime": 178}}