{"train_loss": 0.45279488639335413, "train_accuracy": 0.8554255600609532, "_timestamp": 1747629406.7895103, "_runtime": 59.85143733024597, "_step": 19, "val_loss": 0.7862895627816519, "val_accuracy": 0.7561246289147271, "_wandb": {"runtime": 60}}