{"train_loss": 0.4135812614005425, "train_accuracy": 0.8669181807192764, "_timestamp": 1747654976.7659776, "_runtime": 64.4063355922699, "_step": 19, "val_loss": 0.849327501323488, "val_accuracy": 0.7602470748954349, "_wandb": {"runtime": 64}}