{"train_loss": 0.3622772581659989, "train_accuracy": 0.8825059602026305, "_timestamp": 1747613515.2691886, "_runtime": 56.24885368347168, "_step": 19, "val_loss": 0.9572489062945048, "val_accuracy": 0.7252427637577057, "_wandb": {"runtime": 56}}