{"train_loss": 0.30945563909372614, "train_accuracy": 0.8982857154350722, "_timestamp": 1747658841.5483544, "_runtime": 173.72728729248047, "_step": 19, "val_loss": 0.882086473962535, "val_accuracy": 0.7583462060361669, "_wandb": {"runtime": 174}}