{"train_loss": 0.5807886206345751, "train_accuracy": 0.8108182642501214, "_timestamp": 1747613082.4910164, "_runtime": 61.98149633407593, "_step": 19, "val_loss": 0.9032832748360105, "val_accuracy": 0.7239818804793887, "_wandb": {"runtime": 62}}