{"train_loss": 0.341050037672754, "train_accuracy": 0.8909972804474693, "_timestamp": 1747629651.6673589, "_runtime": 100.58949279785156, "_step": 19, "val_loss": 0.8195756435394287, "val_accuracy": 0.7648474097251892, "_wandb": {"runtime": 101}}