{"train_loss": 1.211030964217434, "train_accuracy": 0.6288630056243412, "_timestamp": 1747589105.3695807, "_runtime": 68.23782777786255, "_step": 19, "val_loss": 1.2054382409368243, "val_accuracy": 0.6338398746081761, "_wandb": {"runtime": 68}}