{"train_loss": 0.8537501102763561, "train_accuracy": 0.7105374694215578, "_timestamp": 1747601755.431988, "_runtime": 148.47624111175537, "_step": 19, "val_loss": 0.9749137957890829, "val_accuracy": 0.6778320238210153, "_wandb": {"runtime": 149}}