{"train_loss": 0.40572893653990905, "train_accuracy": 0.8686229982817104, "_timestamp": 1747640931.1546066, "_runtime": 58.78854155540466, "_step": 19, "val_loss": 0.8031161427497864, "val_accuracy": 0.7674968441327413, "_wandb": {"runtime": 59}}