{"train_loss": 0.4214078329202068, "train_accuracy": 0.8643097250447797, "_timestamp": 1747642608.9370735, "_runtime": 283.281480550766, "_step": 19, "val_loss": 0.8937899536556668, "val_accuracy": 0.742484814590878, "_wandb": {"runtime": 283}}