{"train_loss": 0.40943418210641497, "train_accuracy": 0.8641704503511418, "_timestamp": 1747620549.0350273, "_runtime": 54.28294825553894, "_step": 19, "val_loss": 1.0184233023060694, "val_accuracy": 0.7171967294481065, "_wandb": {"runtime": 54}}