{"train_loss": 0.5285962781292854, "train_accuracy": 0.8214932830002956, "_timestamp": 1747619811.0217068, "_runtime": 82.71494674682617, "_step": 19, "val_loss": 0.9754172205924988, "val_accuracy": 0.719773154599326, "_wandb": {"runtime": 83}}