{"train_loss": 0.42538530633628713, "train_accuracy": 0.8614711041395375, "_timestamp": 1747640860.858468, "_runtime": 55.13107895851135, "_step": 19, "val_loss": 0.8475812938478258, "val_accuracy": 0.7528737750318315, "_wandb": {"runtime": 55}}