{"train_loss": 0.2881733963772052, "train_accuracy": 0.9070799002757651, "_timestamp": 1747632552.5864491, "_runtime": 97.92626905441284, "_step": 19, "val_loss": 0.8829759751047407, "val_accuracy": 0.757169909136636, "_wandb": {"runtime": 98}}