{"train_loss": 0.6200006829865407, "train_accuracy": 0.8003938420315009, "_timestamp": 1747655921.452549, "_runtime": 95.14373588562012, "_step": 19, "val_loss": 0.8541205133710589, "val_accuracy": 0.7289449725832258, "_wandb": {"runtime": 95}}