{"train_loss": 0.2872944456132161, "train_accuracy": 0.9065096614333247, "_timestamp": 1747653680.8163722, "_runtime": 96.74794411659241, "_step": 19, "val_loss": 0.8570905148983001, "val_accuracy": 0.763950662953513, "_wandb": {"runtime": 97}}