{"train_loss": 0.6887746632702961, "train_accuracy": 0.7727408536781278, "_timestamp": 1747593713.278839, "_runtime": 169.48669409751892, "_step": 19, "val_loss": 0.9703885930171912, "val_accuracy": 0.6884779135386149, "_wandb": {"runtime": 170}}