{"train_loss": 0.40175770093939894, "train_accuracy": 0.8696244641535544, "_timestamp": 1747620891.264583, "_runtime": 48.71450710296631, "_step": 19, "val_loss": 0.9741243653827243, "val_accuracy": 0.7103472418255277, "_wandb": {"runtime": 49}}