{"train_loss": 0.3315833944805785, "train_accuracy": 0.8937078958990946, "_timestamp": 1747633084.3466115, "_runtime": 58.132126569747925, "_step": 19, "val_loss": 0.9120390481419034, "val_accuracy": 0.7508925894896189, "_wandb": {"runtime": 58}}