{"train_loss": 0.3288956518714921, "train_accuracy": 0.8925000441229637, "_timestamp": 1747627806.9755778, "_runtime": 182.96343278884888, "_step": 19, "val_loss": 0.8594622244869453, "val_accuracy": 0.7545925784802091, "_wandb": {"runtime": 183}}