{"train_loss": 0.4837886002022407, "train_accuracy": 0.8453955298903361, "_timestamp": 1747632627.7202291, "_runtime": 61.02468013763428, "_step": 19, "val_loss": 0.7867623534467485, "val_accuracy": 0.7621711624993218, "_wandb": {"runtime": 61}}