{"train_loss": 0.38867772366270165, "train_accuracy": 0.8746196810220708, "_timestamp": 1747639792.561107, "_runtime": 59.658061027526855, "_step": 19, "val_loss": 0.7916898230711619, "val_accuracy": 0.762808319595125, "_wandb": {"runtime": 60}}