{"train_loss": 0.4993482487050095, "train_accuracy": 0.838403900579221, "_timestamp": 1747650491.5034554, "_runtime": 59.13842749595642, "_step": 19, "val_loss": 0.7734688288635678, "val_accuracy": 0.7561860581239065, "_wandb": {"runtime": 59}}