{"train_loss": 0.3667346471651441, "train_accuracy": 0.8820909716490376, "_timestamp": 1747653153.7532508, "_runtime": 65.6845018863678, "_step": 19, "val_loss": 0.8615048130353292, "val_accuracy": 0.7485751642121209, "_wandb": {"runtime": 66}}