{"train_loss": 0.4075956566829902, "train_accuracy": 0.8640476292957461, "_timestamp": 1747618978.3325682, "_runtime": 52.1614351272583, "_step": 19, "val_loss": 1.0084553559621174, "val_accuracy": 0.723053644100825, "_wandb": {"runtime": 52}}