{"train_loss": 0.6180885758014084, "train_accuracy": 0.8015391082432918, "_timestamp": 1747630365.7912004, "_runtime": 227.43598437309265, "_step": 19, "val_loss": 0.8280362685521444, "val_accuracy": 0.74288609623909, "_wandb": {"runtime": 228}}