{"train_loss": 0.3183494202491176, "train_accuracy": 0.8964538522538422, "_timestamp": 1747616750.409585, "_runtime": 92.05271410942078, "_step": 19, "val_loss": 1.0124323129653932, "val_accuracy": 0.7275510856083461, "_wandb": {"runtime": 92}}