{"train_loss": 0.42532032461180164, "train_accuracy": 0.8625954425748373, "_timestamp": 1747633268.2694836, "_runtime": 98.81922054290771, "_step": 19, "val_loss": 0.8251721560955048, "val_accuracy": 0.7536187205995832, "_wandb": {"runtime": 99}}