{"train_loss": 1.3558752099213573, "train_accuracy": 0.5920882914107659, "_timestamp": 1747620832.5699584, "_runtime": 71.8638105392456, "_step": 19, "val_loss": 1.3915339844567436, "val_accuracy": 0.5888058543205261, "_wandb": {"runtime": 72}}