{"train_loss": 0.5172187226639815, "train_accuracy": 0.8290840248468125, "_timestamp": 1747603708.821353, "_runtime": 156.81053805351257, "_step": 19, "val_loss": 0.9264324855977211, "val_accuracy": 0.72175273342409, "_wandb": {"runtime": 157}}