{"train_loss": 0.6103712513546867, "train_accuracy": 0.7992328872901486, "_timestamp": 1747610644.61279, "_runtime": 169.2575089931488, "_step": 19, "val_loss": 0.9341891744862432, "val_accuracy": 0.7077091483102329, "_wandb": {"runtime": 169}}