{"train_loss": 0.5063464028297822, "train_accuracy": 0.8366314079720161, "_timestamp": 1747648809.2303946, "_runtime": 61.76913666725159, "_step": 19, "val_loss": 0.7914711468749576, "val_accuracy": 0.7581311232513852, "_wandb": {"runtime": 62}}