{"train_loss": 0.2765152981946234, "train_accuracy": 0.9100609409671299, "_timestamp": 1747655419.9827983, "_runtime": 98.82589030265808, "_step": 19, "val_loss": 0.9241325804165431, "val_accuracy": 0.7551306792667933, "_wandb": {"runtime": 99}}