{"train_loss": 0.37886012582420614, "train_accuracy": 0.8784245983024553, "_timestamp": 1747636356.9901829, "_runtime": 56.66503095626831, "_step": 19, "val_loss": 0.8006274931960635, "val_accuracy": 0.7690175937281715, "_wandb": {"runtime": 57}}