{"train_loss": 0.3138517561675496, "train_accuracy": 0.8991642098206316, "_timestamp": 1747608585.0411618, "_runtime": 45.159772872924805, "_step": 19, "val_loss": 0.9716955986287859, "val_accuracy": 0.7246267000834147, "_wandb": {"runtime": 45}}