{"train_loss": 0.293567621371508, "train_accuracy": 0.902786850411709, "_timestamp": 1747593370.6659904, "_runtime": 167.87086129188538, "_step": 19, "val_loss": 1.0894142609575521, "val_accuracy": 0.7066233745519666, "_wandb": {"runtime": 168}}