{"train_loss": 0.3320863431244227, "train_accuracy": 0.894492380191825, "_timestamp": 1747646687.8507175, "_runtime": 285.84643149375916, "_step": 19, "val_loss": 0.8785387575626373, "val_accuracy": 0.756741378042433, "_wandb": {"runtime": 286}}