{"train_loss": 0.470733046703945, "train_accuracy": 0.8473666815054899, "_timestamp": 1747626815.9687762, "_runtime": 103.64963626861572, "_step": 19, "val_loss": 0.8065701127052307, "val_accuracy": 0.7555462752069746, "_wandb": {"runtime": 104}}