{"train_loss": 0.3303980616860728, "train_accuracy": 0.8914982945632659, "_timestamp": 1747603541.503433, "_runtime": 177.72839999198914, "_step": 19, "val_loss": 1.0434950832007588, "val_accuracy": 0.7191907918971517, "_wandb": {"runtime": 178}}