{"train_loss": 1.2464054126960005, "train_accuracy": 0.6249072896262814, "_timestamp": 1747615886.9678028, "_runtime": 40.563307762145996, "_step": 19, "val_loss": 1.3352290193239849, "val_accuracy": 0.6138222581810422, "_wandb": {"runtime": 41}}