{"train_loss": 0.37424226613403055, "train_accuracy": 0.8818534498958919, "_timestamp": 1747615411.5541685, "_runtime": 55.34073853492737, "_step": 19, "val_loss": 0.96984135111173, "val_accuracy": 0.727577461136712, "_wandb": {"runtime": 55}}