{"train_loss": 0.344384877495683, "train_accuracy": 0.8909190776031142, "_timestamp": 1747610781.8885489, "_runtime": 61.68317890167236, "_step": 19, "val_loss": 0.986400607559416, "val_accuracy": 0.7249114016691843, "_wandb": {"runtime": 62}}