{"train_loss": 0.41698836350027535, "train_accuracy": 0.8655995640451508, "_timestamp": 1747658161.7505617, "_runtime": 56.18753266334534, "_step": 19, "val_loss": 0.8598328563902113, "val_accuracy": 0.747492210732566, "_wandb": {"runtime": 56}}