{"train_loss": 1.092044092898086, "train_accuracy": 0.6313049339523537, "_timestamp": 1747590937.9757907, "_runtime": 122.19931864738464, "_step": 19, "val_loss": 1.1243769319161125, "val_accuracy": 0.6315221656923709, "_wandb": {"runtime": 122}}