{"train_loss": 0.4100364210633184, "train_accuracy": 0.8678422521993604, "_timestamp": 1747651224.391408, "_runtime": 55.85719704627991, "_step": 19, "val_loss": 0.7945951786306169, "val_accuracy": 0.7606962554984622, "_wandb": {"runtime": 56}}