{"train_loss": 0.479996678973898, "train_accuracy": 0.8460158347394425, "_timestamp": 1747652037.691398, "_runtime": 62.68194890022278, "_step": 19, "val_loss": 0.8182414107852511, "val_accuracy": 0.7570659352673424, "_wandb": {"runtime": 63}}