{"train_loss": 0.4145419744053328, "train_accuracy": 0.8648074892904029, "_timestamp": 1747604655.5586777, "_runtime": 60.22433066368103, "_step": 19, "val_loss": 0.9384120206038157, "val_accuracy": 0.7250773244433932, "_wandb": {"runtime": 60}}