{"train_loss": 0.32977341887488554, "train_accuracy": 0.8919605130569634, "_timestamp": 1747626372.3999057, "_runtime": 174.03513979911804, "_step": 19, "val_loss": 0.8594208614549775, "val_accuracy": 0.7582708476246267, "_wandb": {"runtime": 174}}