{"train_loss": 0.38804907106250697, "train_accuracy": 0.872982336951129, "_timestamp": 1747621286.1599574, "_runtime": 91.55501246452332, "_step": 19, "val_loss": 0.9489977036203657, "val_accuracy": 0.7277589218957083, "_wandb": {"runtime": 92}}