{"train_loss": 0.9096700873457747, "train_accuracy": 0.6895936815507505, "_timestamp": 1747594913.1971166, "_runtime": 132.61727666854858, "_step": 19, "val_loss": 1.05150807681291, "val_accuracy": 0.6540049668671428, "_wandb": {"runtime": 133}}