{"train_loss": 0.8952293461457842, "train_accuracy": 0.7130561470985413, "_timestamp": 1747607036.9039466, "_runtime": 61.111907720565796, "_step": 19, "val_loss": 1.072344829638799, "val_accuracy": 0.6663689381546445, "_wandb": {"runtime": 61}}