{"train_loss": 0.2767654680114579, "train_accuracy": 0.9094268107724777, "_timestamp": 1747593893.1030064, "_runtime": 166.08926725387573, "_step": 19, "val_loss": 1.08514052975005, "val_accuracy": 0.7110563767129097, "_wandb": {"runtime": 166}}