{"train_loss": 0.38271183585155905, "train_accuracy": 0.8729101853563607, "_timestamp": 1747620285.8782034, "_runtime": 46.98178434371948, "_step": 19, "val_loss": 1.0282192958725824, "val_accuracy": 0.7159448034233518, "_wandb": {"runtime": 47}}