{"train_loss": 0.5059933581448703, "train_accuracy": 0.8347259878767708, "_timestamp": 1747656025.41538, "_runtime": 91.97121095657349, "_step": 19, "val_loss": 0.8549584763390677, "val_accuracy": 0.7462076357432774, "_wandb": {"runtime": 92}}