{"train_loss": 0.32669773391635304, "train_accuracy": 0.8918868431824161, "_timestamp": 1747599237.5528831, "_runtime": 163.65244913101196, "_step": 19, "val_loss": 1.0383775346521018, "val_accuracy": 0.7136769242908644, "_wandb": {"runtime": 164}}