{"train_loss": 0.5758855116332886, "train_accuracy": 0.8144556335631133, "_timestamp": 1747602546.531684, "_runtime": 109.95166087150574, "_step": 19, "val_loss": 0.9956486633845738, "val_accuracy": 0.7018586465290615, "_wandb": {"runtime": 110}}