{"train_loss": 0.44809616869584673, "train_accuracy": 0.8563084033872351, "_timestamp": 1747658234.73771, "_runtime": 62.08671498298645, "_step": 19, "val_loss": 0.821052975124783, "val_accuracy": 0.7540871070490943, "_wandb": {"runtime": 62}}