{"train_loss": 0.4140988490140507, "train_accuracy": 0.8664342399277439, "_timestamp": 1747651777.079771, "_runtime": 51.77707004547119, "_step": 19, "val_loss": 0.8127054307195876, "val_accuracy": 0.7579396930005815, "_wandb": {"runtime": 52}}