{"train_loss": 2.1362564301904228, "train_accuracy": 0.370199564392167, "_timestamp": 1747588871.27861, "_runtime": 48.489768981933594, "_step": 19, "val_loss": 2.0660091638565063, "val_accuracy": 0.40001752807034385, "_wandb": {"runtime": 48}}