{"train_loss": 0.3882200380711886, "train_accuracy": 0.8745671598552969, "_timestamp": 1747638165.8156853, "_runtime": 96.59678626060486, "_step": 19, "val_loss": 0.8589393751961845, "val_accuracy": 0.7477653299059187, "_wandb": {"runtime": 97}}