{"train_loss": 0.5528980401680197, "train_accuracy": 0.819379312860983, "_timestamp": 1747595610.865078, "_runtime": 162.9704930782318, "_step": 19, "val_loss": 0.9380620143551758, "val_accuracy": 0.7146779739338419, "_wandb": {"runtime": 163}}