{"train_loss": 0.8146307974881519, "train_accuracy": 0.7298330676693447, "_timestamp": 1747641116.883714, "_runtime": 106.09015202522278, "_step": 19, "val_loss": 0.9754631893975394, "val_accuracy": 0.6814770323889596, "_wandb": {"runtime": 106}}