{"train_loss": 0.3990281592143427, "train_accuracy": 0.8720269034119315, "_timestamp": 1747625331.2707543, "_runtime": 181.88201427459717, "_step": 19, "val_loss": 0.8223335781823033, "val_accuracy": 0.7589302037073218, "_wandb": {"runtime": 182}}