{"train_loss": 0.39055910115649145, "train_accuracy": 0.8708401203328034, "_timestamp": 1747606817.6956954, "_runtime": 131.87288236618042, "_step": 19, "val_loss": 1.00433808521948, "val_accuracy": 0.7114562349043031, "_wandb": {"runtime": 132}}