{"train_loss": 0.41789199248214676, "train_accuracy": 0.8661097639557943, "_timestamp": 1747643935.2213159, "_runtime": 236.4811508655548, "_step": 19, "val_loss": 0.8176777528391944, "val_accuracy": 0.7577430804570516, "_wandb": {"runtime": 237}}