{"train_loss": 1.4244394209343574, "train_accuracy": 0.570398485040389, "_timestamp": 1747622257.1823463, "_runtime": 83.21025824546814, "_step": 19, "val_loss": 1.2764845405306136, "val_accuracy": 0.6166887811252049, "_wandb": {"runtime": 83}}