{"train_loss": 0.6035090474724081, "train_accuracy": 0.805635173541273, "_timestamp": 1747606401.0426445, "_runtime": 67.81000542640686, "_step": 19, "val_loss": 0.9627936714225345, "val_accuracy": 0.7131661739614275, "_wandb": {"runtime": 68}}