{"train_loss": 0.6793617344316031, "train_accuracy": 0.7689148532172848, "_timestamp": 1747618046.9391894, "_runtime": 50.325438499450684, "_step": 19, "val_loss": 0.9975999030801985, "val_accuracy": 0.6898695594734616, "_wandb": {"runtime": 50}}