{"train_loss": 0.5474341365086877, "train_accuracy": 0.818717529822017, "_timestamp": 1747598560.3019238, "_runtime": 148.42897772789001, "_step": 19, "val_loss": 0.9870907068252563, "val_accuracy": 0.6971023860185043, "_wandb": {"runtime": 149}}