{"train_loss": 0.5266876885656676, "train_accuracy": 0.8304548671824394, "_timestamp": 1747650765.4271386, "_runtime": 113.32549357414246, "_step": 19, "val_loss": 0.8363558079515184, "val_accuracy": 0.7469160318374634, "_wandb": {"runtime": 113}}