{"train_loss": 0.37276978792916504, "train_accuracy": 0.8782657714380024, "_timestamp": 1747611656.6882286, "_runtime": 161.27077555656433, "_step": 19, "val_loss": 1.0228682808254077, "val_accuracy": 0.7147145608197087, "_wandb": {"runtime": 161}}