{"train_loss": 0.3243517952761209, "train_accuracy": 0.8932157692881678, "_timestamp": 1747607383.5647373, "_runtime": 91.91646242141724, "_step": 19, "val_loss": 1.0179761614118303, "val_accuracy": 0.7237420763288226, "_wandb": {"runtime": 92}}