{"train_loss": 0.3673850082593157, "train_accuracy": 0.8818996328149917, "_timestamp": 1747639967.630528, "_runtime": 56.03366994857788, "_step": 19, "val_loss": 0.8014110459221734, "val_accuracy": 0.761100603474511, "_wandb": {"runtime": 56}}