{"train_loss": 0.4850191980428089, "train_accuracy": 0.8370925236299548, "_timestamp": 1747620682.6185412, "_runtime": 54.97914934158325, "_step": 19, "val_loss": 0.9782289332813687, "val_accuracy": 0.7170147962040372, "_wandb": {"runtime": 55}}