{"train_loss": 0.3000438364944017, "train_accuracy": 0.9045620061069555, "_timestamp": 1747634562.837147, "_runtime": 51.11207890510559, "_step": 19, "val_loss": 0.8857632312509749, "val_accuracy": 0.7516895433266958, "_wandb": {"runtime": 51}}