{"train_loss": 0.3032177149646544, "train_accuracy": 0.9009441352648542, "_timestamp": 1747609425.806591, "_runtime": 95.22443914413452, "_step": 19, "val_loss": 1.0509169799940927, "val_accuracy": 0.7179870912006923, "_wandb": {"runtime": 95}}