{"train_loss": 0.7645102532612795, "train_accuracy": 0.7482891854523235, "_timestamp": 1747650292.1394203, "_runtime": 94.83407521247864, "_step": 19, "val_loss": 0.8855458429881504, "val_accuracy": 0.7106699160167149, "_wandb": {"runtime": 95}}