{"train_loss": 0.3210765857643053, "train_accuracy": 0.8949012970268813, "_timestamp": 1747600889.8856616, "_runtime": 184.24245262145996, "_step": 19, "val_loss": 1.0688083111376003, "val_accuracy": 0.712430647317914, "_wandb": {"runtime": 184}}