{"train_loss": 0.4048675847794279, "train_accuracy": 0.8682943163924135, "_timestamp": 1747634206.7616835, "_runtime": 103.71941947937012, "_step": 19, "val_loss": 0.7935681232384273, "val_accuracy": 0.7544621331351143, "_wandb": {"runtime": 104}}