{"train_loss": 0.35379764028539545, "train_accuracy": 0.8850763078369847, "_timestamp": 1747610463.8438478, "_runtime": 100.54770874977112, "_step": 19, "val_loss": 0.9965455566133772, "val_accuracy": 0.7199589695249285, "_wandb": {"runtime": 101}}