{"train_loss": 0.32578763245158116, "train_accuracy": 0.8939190608573098, "_timestamp": 1747601325.9277546, "_runtime": 96.119788646698, "_step": 19, "val_loss": 1.0161750214440481, "val_accuracy": 0.7239924379757472, "_wandb": {"runtime": 96}}