{"train_loss": 0.30776871462634264, "train_accuracy": 0.9006466347125781, "_timestamp": 1747628067.1747913, "_runtime": 173.18980526924133, "_step": 19, "val_loss": 0.8790945605091427, "val_accuracy": 0.7580136967741925, "_wandb": {"runtime": 173}}