{"train_loss": 0.552638137909852, "train_accuracy": 0.822723749922602, "_timestamp": 1747629053.9627097, "_runtime": 196.4468286037445, "_step": 19, "val_loss": 0.8597213703653087, "val_accuracy": 0.7420383994130121, "_wandb": {"runtime": 197}}