{"train_loss": 0.3744670412788501, "train_accuracy": 0.8780144204983132, "_timestamp": 1747634424.8022685, "_runtime": 61.50188755989075, "_step": 19, "val_loss": 0.9303213026788499, "val_accuracy": 0.7457519835895963, "_wandb": {"runtime": 62}}