{"train_loss": 1.040317442720336, "train_accuracy": 0.6783769435620721, "_timestamp": 1747589541.918163, "_runtime": 76.32280397415161, "_step": 19, "val_loss": 1.1544405494417462, "val_accuracy": 0.6501246912138803, "_wandb": {"runtime": 76}}