{"train_loss": 0.43486741142121355, "train_accuracy": 0.8588920717983577, "_timestamp": 1747650960.6959052, "_runtime": 103.65133213996887, "_step": 19, "val_loss": 0.7822756579944066, "val_accuracy": 0.7576106769698007, "_wandb": {"runtime": 104}}