{"train_loss": 0.3897841099025197, "train_accuracy": 0.8740741944726492, "_timestamp": 1747617075.5959153, "_runtime": 53.74141335487366, "_step": 19, "val_loss": 0.967703640460968, "val_accuracy": 0.7127623624271817, "_wandb": {"runtime": 54}}