{"train_loss": 0.5080501040971348, "train_accuracy": 0.8345076338404176, "_timestamp": 1747620411.37848, "_runtime": 54.820847034454346, "_step": 19, "val_loss": 0.9344028234481812, "val_accuracy": 0.7201060288482242, "_wandb": {"runtime": 55}}