{"train_loss": 0.3680013910883424, "train_accuracy": 0.8820053618078287, "_timestamp": 1747645067.1835752, "_runtime": 288.7279040813446, "_step": 19, "val_loss": 0.8418212234973907, "val_accuracy": 0.7577860653400421, "_wandb": {"runtime": 289}}