{"train_loss": 0.5006151940732892, "train_accuracy": 0.8340209115258864, "_timestamp": 1747598713.937584, "_runtime": 144.18035292625427, "_step": 19, "val_loss": 0.9530623909355938, "val_accuracy": 0.7102526668189229, "_wandb": {"runtime": 144}}