{"train_loss": 0.4787486786442685, "train_accuracy": 0.8464170356706388, "_timestamp": 1747657863.8090005, "_runtime": 64.78599143028259, "_step": 19, "val_loss": 0.7972308430406783, "val_accuracy": 0.7596350246005588, "_wandb": {"runtime": 65}}