{"train_loss": 1.0958254885122267, "train_accuracy": 0.6440878961816688, "_timestamp": 1747611936.645682, "_runtime": 64.40241003036499, "_step": 19, "val_loss": 1.1538460320896573, "val_accuracy": 0.6364889740943909, "_wandb": {"runtime": 64}}