{"train_loss": 0.5859352936806707, "train_accuracy": 0.8022935099339898, "_timestamp": 1747614987.882475, "_runtime": 90.96776485443115, "_step": 19, "val_loss": 0.9597866245678492, "val_accuracy": 0.7151515024048941, "_wandb": {"runtime": 91}}