{"train_loss": 0.3777981440168731, "train_accuracy": 0.8782842996841574, "_timestamp": 1747627492.338794, "_runtime": 184.22574996948242, "_step": 19, "val_loss": 0.8315827570099762, "val_accuracy": 0.757009878538657, "_wandb": {"runtime": 184}}