{"train_loss": 0.9218557132461856, "train_accuracy": 0.7153409202663885, "_timestamp": 1747589903.697951, "_runtime": 70.93754410743713, "_step": 19, "val_loss": 1.1319022825786045, "val_accuracy": 0.6622864399637495, "_wandb": {"runtime": 71}}