{"train_loss": 0.47447214770868334, "train_accuracy": 0.8414894242507185, "_timestamp": 1747613824.567899, "_runtime": 49.285017013549805, "_step": 19, "val_loss": 0.9777979552745819, "val_accuracy": 0.7146258850892385, "_wandb": {"runtime": 49}}