{"_wandb":{"runtime":58},"train_loss":0.4047565808185952,"train_accuracy":0.8701328945297726,"_timestamp":1.7476710147306583e+09,"_runtime":58.004411407,"_step":19,"val_loss":0.9629306263393826,"val_accuracy":0.7195335957739089}