{"train_loss": 0.31215745848038295, "train_accuracy": 0.8996786842111907, "_timestamp": 1747632080.3686466, "_runtime": 90.18500757217407, "_step": 19, "val_loss": 0.8776189471994128, "val_accuracy": 0.7543858051300049, "_wandb": {"runtime": 90}}