{"train_loss": 0.3628491363084385, "train_accuracy": 0.8811517443960113, "_timestamp": 1747612003.5466049, "_runtime": 54.6683349609375, "_step": 19, "val_loss": 0.9890390535195669, "val_accuracy": 0.7180337773429023, "_wandb": {"runtime": 55}}