{"train_loss": 0.4701422868091936, "train_accuracy": 0.847469150330979, "_timestamp": 1747654633.366495, "_runtime": 63.71868896484375, "_step": 19, "val_loss": 0.7869792580604553, "val_accuracy": 0.7594531940089332, "_wandb": {"runtime": 64}}