{"train_loss": 0.3460017675264722, "train_accuracy": 0.8891343739680472, "_timestamp": 1747635478.0629547, "_runtime": 56.05589056015015, "_step": 19, "val_loss": 0.8142098552650876, "val_accuracy": 0.7627793219354417, "_wandb": {"runtime": 56}}