{"train_loss": 0.4700709741584138, "train_accuracy": 0.84993008347605, "_timestamp": 1747636667.0862625, "_runtime": 60.13908934593201, "_step": 19, "val_loss": 0.8234326706992255, "val_accuracy": 0.7591492533683777, "_wandb": {"runtime": 60}}