{"train_loss": 0.4654194721252243, "train_accuracy": 0.8492609376163152, "_timestamp": 1747619047.7545424, "_runtime": 55.19906234741211, "_step": 19, "val_loss": 0.9458443621794382, "val_accuracy": 0.7266480260425143, "_wandb": {"runtime": 55}}