{"train_loss": 0.3856245194039593, "train_accuracy": 0.8736121425394378, "_timestamp": 1747613625.3472884, "_runtime": 99.88466835021973, "_step": 19, "val_loss": 0.9866531644548688, "val_accuracy": 0.7194870574133737, "_wandb": {"runtime": 100}}