{"train_loss": 0.36624606987299946, "train_accuracy": 0.8806455655594092, "_timestamp": 1747643147.5670812, "_runtime": 526.6466372013092, "_step": 19, "val_loss": 0.8258729040622711, "val_accuracy": 0.762768942969186, "_wandb": {"runtime": 527}}