{"train_loss": 0.34996406949324416, "train_accuracy": 0.8874177043837619, "_timestamp": 1747640300.6770594, "_runtime": 62.088913440704346, "_step": 19, "val_loss": 0.8560311297575632, "val_accuracy": 0.7597429719236162, "_wandb": {"runtime": 62}}