{"train_loss": 0.3566249869278647, "train_accuracy": 0.8831723956916854, "_timestamp": 1747623907.8533566, "_runtime": 172.08554863929749, "_step": 19, "val_loss": 0.8191943622153738, "val_accuracy": 0.7635435643403427, "_wandb": {"runtime": 172}}