{"train_loss": 0.357302084306761, "train_accuracy": 0.8842415502994736, "_timestamp": 1747608648.838845, "_runtime": 52.665180921554565, "_step": 19, "val_loss": 0.9987569318877326, "val_accuracy": 0.7176354494359758, "_wandb": {"runtime": 53}}