{"train_loss": 0.6679616625678177, "train_accuracy": 0.7800387042303679, "_timestamp": 1747627295.9953964, "_runtime": 150.85262441635132, "_step": 19, "val_loss": 0.8146074211251908, "val_accuracy": 0.7395585395287776, "_wandb": {"runtime": 151}}