{"train_loss": 0.2588548547012268, "train_accuracy": 0.9166355155451449, "_timestamp": 1747612267.9575624, "_runtime": 84.89491939544678, "_step": 19, "val_loss": 1.06221342086792, "val_accuracy": 0.7147988642965044, "_wandb": {"runtime": 85}}