{"train_loss": 0.6071893693394743, "train_accuracy": 0.8049119872853935, "_timestamp": 1747614763.1179037, "_runtime": 65.48157167434692, "_step": 19, "val_loss": 0.9645858539475335, "val_accuracy": 0.7087909049457974, "_wandb": {"runtime": 65}}