{"train_loss": 0.3151355145981619, "train_accuracy": 0.8959624607725185, "_timestamp": 1747604222.5677757, "_runtime": 156.3564236164093, "_step": 19, "val_loss": 1.0723627762518066, "val_accuracy": 0.7018676149672356, "_wandb": {"runtime": 156}}