{"train_loss": 1.1765380134816803, "train_accuracy": 0.6072077611622783, "_timestamp": 1747590420.9847007, "_runtime": 68.489994764328, "_step": 19, "val_loss": 1.2235551408358982, "val_accuracy": 0.5961092982973372, "_wandb": {"runtime": 69}}