{"train_loss": 0.31097450990208314, "train_accuracy": 0.9012672406745095, "_timestamp": 1747652872.4961352, "_runtime": 110.55768132209778, "_step": 19, "val_loss": 0.8777111206735884, "val_accuracy": 0.7501342041151864, "_wandb": {"runtime": 110}}