{"train_loss": 0.33322638620429723, "train_accuracy": 0.8893600066560394, "_timestamp": 1747607976.5392966, "_runtime": 165.0732946395874, "_step": 19, "val_loss": 1.0312989604645881, "val_accuracy": 0.7213879884153173, "_wandb": {"runtime": 165}}