{"train_loss": 0.3841335689487485, "train_accuracy": 0.8753052443438183, "_timestamp": 1747615097.3929892, "_runtime": 98.50105214118958, "_step": 19, "val_loss": 0.9842654960496086, "val_accuracy": 0.7226304888725281, "_wandb": {"runtime": 99}}