{"train_loss": 0.32614564887016495, "train_accuracy": 0.8959459014710663, "_timestamp": 1747647527.437136, "_runtime": 280.5770709514618, "_step": 19, "val_loss": 0.8431256612141927, "val_accuracy": 0.7549055086241828, "_wandb": {"runtime": 280}}