{"train_loss": 0.32286668554832554, "train_accuracy": 0.8946760867853069, "_timestamp": 1747640553.6710198, "_runtime": 171.95836782455444, "_step": 19, "val_loss": 0.8680780603401903, "val_accuracy": 0.7571079057195912, "_wandb": {"runtime": 172}}