{"train_loss": 0.391521217419922, "train_accuracy": 0.8738041630370079, "_timestamp": 1747637001.4515233, "_runtime": 103.50393223762512, "_step": 19, "val_loss": 0.8855121919087001, "val_accuracy": 0.7456955688340323, "_wandb": {"runtime": 104}}