{"train_loss": 0.28110811092746585, "train_accuracy": 0.9075808551825594, "_timestamp": 1747599597.0642173, "_runtime": 156.25497341156006, "_step": 19, "val_loss": 1.1038194540618123, "val_accuracy": 0.7062626126883687, "_wandb": {"runtime": 156}}