{"train_loss": 0.4036818518803988, "train_accuracy": 0.8658570268250614, "_timestamp": 1747618768.5448835, "_runtime": 51.422945499420166, "_step": 19, "val_loss": 1.0200235413180456, "val_accuracy": 0.7186122503545549, "_wandb": {"runtime": 51}}