{"train_loss": 0.32101096824414466, "train_accuracy": 0.8959211781190309, "_timestamp": 1747631780.5892115, "_runtime": 96.65390753746033, "_step": 19, "val_loss": 0.8427492371627263, "val_accuracy": 0.7613876581192016, "_wandb": {"runtime": 97}}