{"train_loss": 1.0374496973663396, "train_accuracy": 0.6791817447698185, "_timestamp": 1747589988.0524275, "_runtime": 73.69878363609314, "_step": 19, "val_loss": 1.1359507969447544, "val_accuracy": 0.6520008410726275, "_wandb": {"runtime": 74}}