{"train_loss": 0.2724211765507053, "train_accuracy": 0.9115639563240757, "_timestamp": 1747615578.414585, "_runtime": 94.19120001792908, "_step": 19, "val_loss": 1.0495026588439942, "val_accuracy": 0.7269343733787537, "_wandb": {"runtime": 94}}