{"train_loss": 0.38782881331857827, "train_accuracy": 0.8717433523855748, "_timestamp": 1747598241.8549917, "_runtime": 135.71977758407593, "_step": 19, "val_loss": 1.0108692218428073, "val_accuracy": 0.7098974153615426, "_wandb": {"runtime": 136}}