{"train_loss": 0.45425862250728305, "train_accuracy": 0.8507278339907678, "_timestamp": 1747601218.2498105, "_runtime": 156.57194447517395, "_step": 19, "val_loss": 0.952355441407881, "val_accuracy": 0.7161233148713043, "_wandb": {"runtime": 157}}