{"train_loss": 0.3208729012767014, "train_accuracy": 0.8959912904080628, "_timestamp": 1747630788.8854833, "_runtime": 411.5401031970978, "_step": 19, "val_loss": 0.8766719537121909, "val_accuracy": 0.7548281226839338, "_wandb": {"runtime": 412}}