{"train_loss": 0.288183780335828, "train_accuracy": 0.9060558826809509, "_timestamp": 1747594601.243919, "_runtime": 181.8652458190918, "_step": 19, "val_loss": 1.0549957009329312, "val_accuracy": 0.7183519420416459, "_wandb": {"runtime": 182}}