{"train_loss": 0.5116876250057552, "train_accuracy": 0.8354215732199608, "_timestamp": 1747655051.140744, "_runtime": 62.13857388496399, "_step": 19, "val_loss": 0.8107585774527656, "val_accuracy": 0.7543491886721717, "_wandb": {"runtime": 62}}