{"train_loss": 0.48017147571581664, "train_accuracy": 0.8432449449161027, "_timestamp": 1747592657.0607188, "_runtime": 186.90594387054443, "_step": 19, "val_loss": 0.9711437294448632, "val_accuracy": 0.7110745708147684, "_wandb": {"runtime": 187}}