{"train_loss": 0.7289093441280028, "train_accuracy": 0.7576782068536871, "_timestamp": 1747591236.489099, "_runtime": 135.39230108261108, "_step": 19, "val_loss": 0.9639260518378105, "val_accuracy": 0.685993680919426, "_wandb": {"runtime": 136}}