{"train_loss": 0.6551878280646549, "train_accuracy": 0.7876275073947161, "_timestamp": 1747624779.9128413, "_runtime": 199.89435720443726, "_step": 19, "val_loss": 0.8591012483921604, "val_accuracy": 0.7320694949315942, "_wandb": {"runtime": 200}}