{"train_loss": 0.5128991251916513, "train_accuracy": 0.8311616874983273, "_timestamp": 1747612172.3414977, "_runtime": 157.0726215839386, "_step": 19, "val_loss": 0.9476278692051985, "val_accuracy": 0.7131646439649056, "_wandb": {"runtime": 157}}