{"train_loss": 0.4168801888220572, "train_accuracy": 0.8671674659486451, "_timestamp": 1747654710.4955702, "_runtime": 64.0723762512207, "_step": 19, "val_loss": 0.8528642058372498, "val_accuracy": 0.7502371834384071, "_wandb": {"runtime": 64}}