{"train_loss": 0.3303356269851607, "train_accuracy": 0.8902514655407189, "_timestamp": 1747594406.8991714, "_runtime": 165.75473928451538, "_step": 19, "val_loss": 1.0308432311251543, "val_accuracy": 0.7147739382757656, "_wandb": {"runtime": 166}}