{"train_loss": 0.34389038556228485, "train_accuracy": 0.8889932205222245, "_timestamp": 1747654160.2095747, "_runtime": 96.08399367332458, "_step": 19, "val_loss": 0.8462044928755079, "val_accuracy": 0.7661152022225516, "_wandb": {"runtime": 96}}