{"train_loss": 0.5265320112250443, "train_accuracy": 0.8315179940593036, "_timestamp": 1747654484.0051844, "_runtime": 52.28114151954651, "_step": 19, "val_loss": 0.823980493677987, "val_accuracy": 0.7437183923191495, "_wandb": {"runtime": 52}}