{"train_loss": 0.38524615575123383, "train_accuracy": 0.8739398941828337, "_timestamp": 1747658011.7347856, "_runtime": 59.50288462638855, "_step": 19, "val_loss": 0.8885342246956296, "val_accuracy": 0.7454850607448154, "_wandb": {"runtime": 60}}