{"train_loss": 0.5484699577609927, "train_accuracy": 0.8208742613737294, "_timestamp": 1747629725.7337246, "_runtime": 62.181161642074585, "_step": 19, "val_loss": 0.8108472790982988, "val_accuracy": 0.7490406632423401, "_wandb": {"runtime": 62}}