{"train_loss": 0.32765151985129815, "train_accuracy": 0.8909866953034132, "_timestamp": 1747599060.3815045, "_runtime": 169.73525857925415, "_step": 19, "val_loss": 1.0427489876747131, "val_accuracy": 0.7142483903014142, "_wandb": {"runtime": 170}}