{"train_loss": 0.4843125865294065, "train_accuracy": 0.8365663272797028, "_timestamp": 1747618477.3479593, "_runtime": 56.490957260131836, "_step": 19, "val_loss": 0.9759756955835555, "val_accuracy": 0.7222381465964847, "_wandb": {"runtime": 57}}