{"train_loss": 0.43092014119459715, "train_accuracy": 0.8565724626441912, "_timestamp": 1747618278.3444443, "_runtime": 82.60067319869995, "_step": 19, "val_loss": 1.0226632033075604, "val_accuracy": 0.7170149087905884, "_wandb": {"runtime": 83}}