{"train_loss": 1.0460974353586319, "train_accuracy": 0.6714107790434292, "_timestamp": 1747621471.0148818, "_runtime": 62.133633852005005, "_step": 19, "val_loss": 1.1809854772355821, "val_accuracy": 0.6400170359346602, "_wandb": {"runtime": 62}}