{"train_loss": 0.2950091972688719, "train_accuracy": 0.9039525620510124, "_timestamp": 1747612335.0976424, "_runtime": 55.10317635536194, "_step": 19, "val_loss": 1.1152109338177576, "val_accuracy": 0.7129016353024377, "_wandb": {"runtime": 55}}