{"train_loss": 1.0608318640423235, "train_accuracy": 0.6694793839185524, "_timestamp": 1747589356.4560304, "_runtime": 114.93789529800415, "_step": 19, "val_loss": 1.1463922763216323, "val_accuracy": 0.6463204073733178, "_wandb": {"runtime": 115}}