{"train_loss": 0.9490950941350419, "train_accuracy": 0.6909073246696781, "_timestamp": 1747657140.7657042, "_runtime": 61.174636125564575, "_step": 19, "val_loss": 1.0118900040785472, "val_accuracy": 0.6845241652594672, "_wandb": {"runtime": 61}}