{"train_loss": 0.6837622316586489, "train_accuracy": 0.7782722270557646, "_timestamp": 1747618115.842016, "_runtime": 57.92615294456482, "_step": 19, "val_loss": 0.9603718717892965, "val_accuracy": 0.7028547260496352, "_wandb": {"runtime": 58}}