{"train_loss": 0.6002747399269501, "train_accuracy": 0.8073731774539616, "_timestamp": 1747656407.790942, "_runtime": 70.45151805877686, "_step": 19, "val_loss": 0.8728186322583092, "val_accuracy": 0.7377640902996063, "_wandb": {"runtime": 71}}