{"train_loss": 0.40061394586039417, "train_accuracy": 0.8705072954210932, "_timestamp": 1747652352.785371, "_runtime": 91.5453131198883, "_step": 19, "val_loss": 0.8956175071852548, "val_accuracy": 0.7424775804792132, "_wandb": {"runtime": 92}}