{"train_loss": 0.3223731006156502, "train_accuracy": 0.8961447043225944, "_timestamp": 1747617685.4228034, "_runtime": 51.668479442596436, "_step": 19, "val_loss": 1.0140868127346039, "val_accuracy": 0.7145073082711961, "_wandb": {"runtime": 52}}