{"train_loss": 0.405062084769927, "train_accuracy": 0.8702576439504679, "_timestamp": 1747657941.0310192, "_runtime": 65.4262011051178, "_step": 19, "val_loss": 0.8279136419296265, "val_accuracy": 0.7574140893088447, "_wandb": {"runtime": 65}}