{"train_loss": 0.6893333982180998, "train_accuracy": 0.7734177631105301, "_timestamp": 1747605013.3521552, "_runtime": 96.94487714767456, "_step": 19, "val_loss": 0.9304801361901419, "val_accuracy": 0.7098423225539071, "_wandb": {"runtime": 97}}