{"train_loss": 0.9666389123552797, "train_accuracy": 0.6706926734805796, "_timestamp": 1747611380.6018844, "_runtime": 78.95709228515625, "_step": 19, "val_loss": 1.0188212701252528, "val_accuracy": 0.6599587729998997, "_wandb": {"runtime": 79}}