{"train_loss": 0.43544487749910077, "train_accuracy": 0.8608091983491974, "_timestamp": 1747634636.5287304, "_runtime": 63.48234939575195, "_step": 19, "val_loss": 0.8173817429277632, "val_accuracy": 0.7560135920842489, "_wandb": {"runtime": 63}}