{"train_loss": 0.38154510903909716, "train_accuracy": 0.8770747381138664, "_timestamp": 1747638301.8257613, "_runtime": 54.08839821815491, "_step": 19, "val_loss": 0.8227823277314504, "val_accuracy": 0.7654203441407945, "_wandb": {"runtime": 54}}