{"train_loss": 0.3667566896606285, "train_accuracy": 0.8796751425856274, "_timestamp": 1747617267.6833878, "_runtime": 179.2785336971283, "_step": 19, "val_loss": 1.0071271865264229, "val_accuracy": 0.7157464329747186, "_wandb": {"runtime": 179}}