{"train_loss": 0.4521752911151489, "train_accuracy": 0.8536098933633353, "_timestamp": 1747638239.5305853, "_runtime": 63.33037233352661, "_step": 19, "val_loss": 0.8093057109249963, "val_accuracy": 0.7476511365837522, "_wandb": {"runtime": 63}}