{"train_loss": 0.3970609171197594, "train_accuracy": 0.8722427652750401, "_timestamp": 1747629539.8849618, "_runtime": 55.13554382324219, "_step": 19, "val_loss": 0.8237361907958984, "val_accuracy": 0.7547276649210188, "_wandb": {"runtime": 55}}