{"train_loss": 0.47149340532763157, "train_accuracy": 0.8479339111747081, "_timestamp": 1747655816.029476, "_runtime": 112.08552503585815, "_step": 19, "val_loss": 0.8594942603792463, "val_accuracy": 0.7504527705056326, "_wandb": {"runtime": 112}}