{"train_loss": 0.3920909958767753, "train_accuracy": 0.874070924486039, "_timestamp": 1747613760.4246655, "_runtime": 61.605223417282104, "_step": 19, "val_loss": 0.9701196485095553, "val_accuracy": 0.7286702063348558, "_wandb": {"runtime": 62}}