{"train_loss": 0.3995615542796306, "train_accuracy": 0.8699188027423241, "_timestamp": 1747621001.4875402, "_runtime": 97.608234167099, "_step": 19, "val_loss": 0.9521488785743714, "val_accuracy": 0.7247923033578055, "_wandb": {"runtime": 98}}