{"train_loss": 0.47076218613999427, "train_accuracy": 0.8471696807469936, "_timestamp": 1747604904.7548766, "_runtime": 59.723668575286865, "_step": 19, "val_loss": 0.9126103785302904, "val_accuracy": 0.7257635825210147, "_wandb": {"runtime": 60}}