{"train_loss": 1.6064904693584194, "train_accuracy": 0.538010125481099, "_timestamp": 1747588811.5546267, "_runtime": 126.29685759544373, "_step": 19, "val_loss": 1.6742126613423445, "val_accuracy": 0.5232430048610853, "_wandb": {"runtime": 126}}