{"train_loss": 0.36559745859133697, "train_accuracy": 0.8800364555912321, "_timestamp": 1747617010.49275, "_runtime": 161.52211499214172, "_step": 19, "val_loss": 1.0010364871958028, "val_accuracy": 0.7226600500120632, "_wandb": {"runtime": 162}}