{"train_loss": 0.3659168106602173, "train_accuracy": 0.8815883877653461, "_timestamp": 1747653080.3848555, "_runtime": 196.0641233921051, "_step": 19, "val_loss": 0.8644128536832505, "val_accuracy": 0.7541127317193626, "_wandb": {"runtime": 196}}