{"train_loss": 0.4409627995394558, "train_accuracy": 0.8565292289491334, "_timestamp": 1747604055.953163, "_runtime": 56.16356182098389, "_step": 19, "val_loss": 0.906245059437222, "val_accuracy": 0.7313041521443261, "_wandb": {"runtime": 56}}