{"train_loss": 0.30646025217165146, "train_accuracy": 0.9002469147560913, "_timestamp": 1747616456.2258883, "_runtime": 93.76151132583618, "_step": 19, "val_loss": 1.0203470247132438, "val_accuracy": 0.7254238537379674, "_wandb": {"runtime": 94}}