{"train_loss": 0.3528322115798906, "train_accuracy": 0.8880202532503646, "_timestamp": 1747653224.9343865, "_runtime": 60.21207141876221, "_step": 19, "val_loss": 0.846454123655955, "val_accuracy": 0.7607897222042084, "_wandb": {"runtime": 60}}