{"train_loss": 0.32598190810639044, "train_accuracy": 0.8939459210186336, "_timestamp": 1747621642.0152812, "_runtime": 100.25948119163513, "_step": 19, "val_loss": 0.9875458751405989, "val_accuracy": 0.7281856622014727, "_wandb": {"runtime": 100}}