{"train_loss": 0.39990513672718425, "train_accuracy": 0.8719410672353182, "_timestamp": 1747637583.2349765, "_runtime": 55.820958614349365, "_step": 19, "val_loss": 0.7815671695603265, "val_accuracy": 0.7640380793147616, "_wandb": {"runtime": 56}}