{"train_loss": 0.322221840005045, "train_accuracy": 0.8948975687771175, "_timestamp": 1747614166.7261877, "_runtime": 90.03121566772461, "_step": 19, "val_loss": 0.9929663913590567, "val_accuracy": 0.7260507413319179, "_wandb": {"runtime": 90}}