{"train_loss": 0.5291158388115768, "train_accuracy": 0.8288392707102561, "_timestamp": 1747629801.5757604, "_runtime": 61.332008361816406, "_step": 19, "val_loss": 0.7969193591011895, "val_accuracy": 0.7529415753152635, "_wandb": {"runtime": 62}}