{"train_loss": 0.3636316178161974, "train_accuracy": 0.8809993487562058, "_timestamp": 1747615474.5385995, "_runtime": 51.76517152786255, "_step": 19, "val_loss": 0.9751073353820376, "val_accuracy": 0.7186734510792626, "_wandb": {"runtime": 52}}