{"train_loss": 0.35931052896328747, "train_accuracy": 0.8861594827188922, "_timestamp": 1747652107.0386143, "_runtime": 60.532368183135986, "_step": 19, "val_loss": 0.8446199728382958, "val_accuracy": 0.7532079584068723, "_wandb": {"runtime": 61}}