{"train_loss": 0.5391965053674114, "train_accuracy": 0.8239636341960443, "_timestamp": 1747614822.4440904, "_runtime": 48.15449643135071, "_step": 19, "val_loss": 0.9315387970871396, "val_accuracy": 0.7150853508048587, "_wandb": {"runtime": 48}}