{"train_loss": 0.4816416133345896, "train_accuracy": 0.8387208925506283, "_timestamp": 1747617622.8023672, "_runtime": 55.57697629928589, "_step": 19, "val_loss": 0.939983155992296, "val_accuracy": 0.7219694058100382, "_wandb": {"runtime": 56}}