{"train_loss": 0.4508745461874615, "train_accuracy": 0.8549497944082138, "_timestamp": 1747638526.2802544, "_runtime": 104.89070129394531, "_step": 19, "val_loss": 0.8017971788133894, "val_accuracy": 0.7528199894087655, "_wandb": {"runtime": 105}}