{"train_loss": 0.318365166814341, "train_accuracy": 0.8987313043864477, "_timestamp": 1747650569.0425432, "_runtime": 65.13632726669312, "_step": 19, "val_loss": 0.9089109202226003, "val_accuracy": 0.7556995981269412, "_wandb": {"runtime": 65}}