{"train_loss": 0.26931487691367983, "train_accuracy": 0.9123940202542123, "_timestamp": 1747648663.5323625, "_runtime": 1126.499061346054, "_step": 19, "val_loss": 0.9077825197151729, "val_accuracy": 0.7623931544167655, "_wandb": {"runtime": 1127}}