{"train_loss": 0.395137603055535, "train_accuracy": 0.8706844042491362, "_timestamp": 1747638585.1517127, "_runtime": 51.088353633880615, "_step": 19, "val_loss": 0.8789919879701402, "val_accuracy": 0.7447691394223107, "_wandb": {"runtime": 51}}