{"train_loss": 0.33028082678772813, "train_accuracy": 0.8934004106962612, "_timestamp": 1747632186.5790155, "_runtime": 94.28125739097595, "_step": 19, "val_loss": 0.8103159759725843, "val_accuracy": 0.7677729027611869, "_wandb": {"runtime": 94}}