{"train_loss": 0.46960654820320924, "train_accuracy": 0.8469661670613151, "_timestamp": 1747615652.886321, "_runtime": 61.66333603858948, "_step": 19, "val_loss": 0.9290003710322909, "val_accuracy": 0.7263479000992246, "_wandb": {"runtime": 62}}