{"train_loss": 0.3518915698362913, "train_accuracy": 0.8864422791955099, "_timestamp": 1747612637.2438815, "_runtime": 91.78933644294739, "_step": 19, "val_loss": 0.97871356180736, "val_accuracy": 0.7201303107397897, "_wandb": {"runtime": 92}}