{"train_loss": 0.528382653912311, "train_accuracy": 0.8244684253173695, "_timestamp": 1747594769.2656062, "_runtime": 156.64757108688354, "_step": 19, "val_loss": 0.9429122736488563, "val_accuracy": 0.7105468563411547, "_wandb": {"runtime": 157}}