{"train_loss": 0.551112740026044, "train_accuracy": 0.8239519868282913, "_timestamp": 1747636178.801609, "_runtime": 52.009133100509644, "_step": 19, "val_loss": 0.8195584747526381, "val_accuracy": 0.7502790325217776, "_wandb": {"runtime": 52}}