{"train_loss": 0.42377487023097243, "train_accuracy": 0.8634460794098805, "_timestamp": 1747635094.4439569, "_runtime": 101.7311098575592, "_step": 19, "val_loss": 0.8151165519441878, "val_accuracy": 0.7557732462882996, "_wandb": {"runtime": 102}}