{"train_loss": 0.3845074500651718, "train_accuracy": 0.8766630223031678, "_timestamp": 1747606147.9288359, "_runtime": 59.07931876182556, "_step": 19, "val_loss": 0.9637068278259702, "val_accuracy": 0.7217467890845405, "_wandb": {"runtime": 59}}