{"train_loss": 0.6292998237823785, "train_accuracy": 0.7858173778191662, "_timestamp": 1747622632.0274847, "_runtime": 188.17055869102478, "_step": 19, "val_loss": 0.9982999062192612, "val_accuracy": 0.6986252933308699, "_wandb": {"runtime": 188}}