{"train_loss": 0.96702862836722, "train_accuracy": 0.6820220368445953, "_timestamp": 1747600585.4537163, "_runtime": 78.50540137290955, "_step": 19, "val_loss": 1.0031625662531172, "val_accuracy": 0.6751666375568934, "_wandb": {"runtime": 78}}