{"train_loss": 0.46569387451072647, "train_accuracy": 0.8499996110883062, "_timestamp": 1747648737.6645875, "_runtime": 61.92649960517883, "_step": 19, "val_loss": 0.7862839069631364, "val_accuracy": 0.7598304649194082, "_wandb": {"runtime": 62}}