{"train_loss": 1.2021274049847113, "train_accuracy": 0.6293204199371999, "_timestamp": 1747589229.8376532, "_runtime": 64.8330512046814, "_step": 19, "val_loss": 1.2453126617840358, "val_accuracy": 0.6143841956342969, "_wandb": {"runtime": 65}}