{"train_loss": 0.41987273906696737, "train_accuracy": 0.8593296794533041, "_timestamp": 1747621183.733911, "_runtime": 55.549241065979004, "_step": 19, "val_loss": 0.9944361183378432, "val_accuracy": 0.7189726796415117, "_wandb": {"runtime": 56}}