{"train_loss": 0.2877520531674341, "train_accuracy": 0.9084359956959079, "_timestamp": 1747631211.9953933, "_runtime": 412.80704522132874, "_step": 19, "val_loss": 0.8620242808546339, "val_accuracy": 0.7631307772227696, "_wandb": {"runtime": 413}}