{"train_loss": 0.4935219437745265, "train_accuracy": 0.8328179965129477, "_timestamp": 1747614066.2880461, "_runtime": 50.855802059173584, "_step": 19, "val_loss": 0.9480191899670495, "val_accuracy": 0.7199513614177704, "_wandb": {"runtime": 51}}