{"train_loss": 0.41083106243541473, "train_accuracy": 0.8690286454437786, "_timestamp": 1747633523.7339106, "_runtime": 62.89099359512329, "_step": 19, "val_loss": 0.8503381146325005, "val_accuracy": 0.7563321822219424, "_wandb": {"runtime": 63}}