{"train_loss": 0.39992229941952434, "train_accuracy": 0.8664665349646111, "_timestamp": 1747616586.290303, "_runtime": 50.60426592826843, "_step": 19, "val_loss": 1.0130766365263197, "val_accuracy": 0.7175241774982877, "_wandb": {"runtime": 51}}