{"train_loss": 0.26927095974628634, "train_accuracy": 0.9129415140675672, "_timestamp": 1747657672.5055454, "_runtime": 97.77802634239197, "_step": 19, "val_loss": 0.9144325128623417, "val_accuracy": 0.7551166551453726, "_wandb": {"runtime": 98}}