{"train_loss": 0.32716107859432353, "train_accuracy": 0.8951142506103296, "_timestamp": 1747653872.1950152, "_runtime": 104.31039118766785, "_step": 19, "val_loss": 0.8358516063008989, "val_accuracy": 0.7605977296829224, "_wandb": {"runtime": 104}}