{"train_loss": 0.5578308718741973, "train_accuracy": 0.8196278679577601, "_timestamp": 1747603828.8870294, "_runtime": 109.06684231758118, "_step": 19, "val_loss": 0.9331635100500925, "val_accuracy": 0.7126228741237095, "_wandb": {"runtime": 109}}