{"train_loss": 0.5784916789890024, "train_accuracy": 0.815284096092158, "_timestamp": 1747657445.2872531, "_runtime": 69.46898317337036, "_step": 19, "val_loss": 0.851285477479299, "val_accuracy": 0.7448084288173251, "_wandb": {"runtime": 70}}