{"train_loss": 0.4831855340155563, "train_accuracy": 0.8378078079637076, "_timestamp": 1747616650.0082188, "_runtime": 52.98895573616028, "_step": 19, "val_loss": 1.0037886500358582, "val_accuracy": 0.7170806262228224, "_wandb": {"runtime": 53}}