{"train_loss": 0.32109704945301043, "train_accuracy": 0.8951982321766759, "_timestamp": 1747635201.2328372, "_runtime": 96.0903582572937, "_step": 19, "val_loss": 0.8519895851612092, "val_accuracy": 0.7609316536358425, "_wandb": {"runtime": 96}}