{"train_loss": 0.5511491076450128, "train_accuracy": 0.8225357473930183, "_timestamp": 1747625889.4233122, "_runtime": 62.95468807220459, "_step": 19, "val_loss": 0.7915235724714067, "val_accuracy": 0.7489537994066874, "_wandb": {"runtime": 63}}