{"train_loss": 0.41164048937703834, "train_accuracy": 0.8660527229998153, "_timestamp": 1747650112.017761, "_runtime": 98.36024689674377, "_step": 19, "val_loss": 0.8153121071202415, "val_accuracy": 0.7505620632852826, "_wandb": {"runtime": 99}}