{"train_loss": 0.6929983689605845, "train_accuracy": 0.7718011161495495, "_timestamp": 1747619446.9054356, "_runtime": 50.802560567855835, "_step": 19, "val_loss": 0.9517296552658081, "val_accuracy": 0.7056365708510081, "_wandb": {"runtime": 51}}