{"train_loss": 0.42989906375807835, "train_accuracy": 0.8579499452789395, "_timestamp": 1747650641.203072, "_runtime": 60.572333097457886, "_step": 19, "val_loss": 0.9370087451404996, "val_accuracy": 0.7356554468472799, "_wandb": {"runtime": 61}}