{"train_loss": 0.3598502154331304, "train_accuracy": 0.8811313335698869, "_timestamp": 1747627130.542714, "_runtime": 184.0801830291748, "_step": 19, "val_loss": 0.8334820546965668, "val_accuracy": 0.752240985200025, "_wandb": {"runtime": 184}}