{"train_loss": 0.4707140190408409, "train_accuracy": 0.8489607103987237, "_timestamp": 1747633341.3060136, "_runtime": 64.46441650390625, "_step": 19, "val_loss": 0.7906275689601898, "val_accuracy": 0.7600139578183492, "_wandb": {"runtime": 64}}