{"train_loss": 0.6498899649333403, "train_accuracy": 0.7920930206431129, "_timestamp": 1747611289.8637366, "_runtime": 64.77304863929749, "_step": 19, "val_loss": 0.9682748350832198, "val_accuracy": 0.7083378765318129, "_wandb": {"runtime": 65}}