{"train_loss": 0.36966866194512804, "train_accuracy": 0.8795465413545598, "_timestamp": 1747642313.8020947, "_runtime": 527.1871047019958, "_step": 19, "val_loss": 0.7980574488639831, "val_accuracy": 0.7667314972196306, "_wandb": {"runtime": 527}}