{"train_loss": 0.309369842268828, "train_accuracy": 0.9020459758753032, "_timestamp": 1747614620.3916225, "_runtime": 55.7741174697876, "_step": 19, "val_loss": 0.9791033135520087, "val_accuracy": 0.7208270066314273, "_wandb": {"runtime": 56}}