{"train_loss": 0.358352957261091, "train_accuracy": 0.8845815755039281, "_timestamp": 1747607278.3089623, "_runtime": 58.14290928840637, "_step": 19, "val_loss": 0.970079822672738, "val_accuracy": 0.7330523861779107, "_wandb": {"runtime": 58}}