{"train_loss": 0.44298218097942094, "train_accuracy": 0.8571672741480053, "_timestamp": 1747625512.221947, "_runtime": 169.66870784759521, "_step": 19, "val_loss": 0.8077051816643148, "val_accuracy": 0.7521654160126395, "_wandb": {"runtime": 170}}