{"train_loss": 0.42400569025147167, "train_accuracy": 0.8621092554117213, "_timestamp": 1747633451.8129885, "_runtime": 98.00891757011414, "_step": 19, "val_loss": 0.7963084331580571, "val_accuracy": 0.7609782116753715, "_wandb": {"runtime": 98}}