{"train_loss": 0.2892104538235754, "train_accuracy": 0.9051568846281635, "_timestamp": 1747604585.8107886, "_runtime": 178.74367260932922, "_step": 19, "val_loss": 1.0673785235570825, "val_accuracy": 0.7165619920993197, "_wandb": {"runtime": 179}}