{"train_loss": 0.281634940749648, "train_accuracy": 0.9091043274182116, "_timestamp": 1747620230.112029, "_runtime": 103.27305197715759, "_step": 19, "val_loss": 1.045073103904724, "val_accuracy": 0.7242525168827602, "_wandb": {"runtime": 103}}