{"train_loss": 1.1058803905453938, "train_accuracy": 0.6443923814424385, "_timestamp": 1747622432.1646068, "_runtime": 166.4245789051056, "_step": 19, "val_loss": 1.0895286945329197, "val_accuracy": 0.6564343338427336, "_wandb": {"runtime": 166}}