{"train_loss": 0.47992115127557966, "train_accuracy": 0.849332205822013, "_timestamp": 1747632955.2483008, "_runtime": 66.83416271209717, "_step": 19, "val_loss": 0.8412323031160567, "val_accuracy": 0.7508574624856313, "_wandb": {"runtime": 67}}