{"train_loss": 0.35637358265977376, "train_accuracy": 0.8837170137490841, "_timestamp": 1747635654.788682, "_runtime": 94.91613698005676, "_step": 19, "val_loss": 0.815248042345047, "val_accuracy": 0.7614294052124023, "_wandb": {"runtime": 95}}