{"train_loss": 0.4591707752619176, "train_accuracy": 0.8543331919377939, "_timestamp": 1747640149.3469143, "_runtime": 64.44988131523132, "_step": 19, "val_loss": 0.8051445484161377, "val_accuracy": 0.7589306599564023, "_wandb": {"runtime": 64}}