{"train_loss": 0.6433575013612011, "train_accuracy": 0.7861856603415416, "_timestamp": 1747623303.680224, "_runtime": 173.37752103805542, "_step": 19, "val_loss": 0.9054219161254772, "val_accuracy": 0.7247257146282472, "_wandb": {"runtime": 173}}