{"train_loss": 1.989165623063986, "train_accuracy": 0.46927396668864124, "_timestamp": 1747588604.7172198, "_runtime": 38.7017548084259, "_step": 19, "val_loss": 1.9602485299110413, "val_accuracy": 0.4821595483356052, "_wandb": {"runtime": 39}}