{"train_loss": 0.36633316309942004, "train_accuracy": 0.8794310108452561, "_timestamp": 1747624274.1728673, "_runtime": 182.35242819786072, "_step": 19, "val_loss": 0.8319499488326086, "val_accuracy": 0.7532203197479248, "_wandb": {"runtime": 182}}