{"train_loss": 0.4364781455497521, "train_accuracy": 0.8598076701164246, "_timestamp": 1747656750.4103556, "_runtime": 60.40130162239075, "_step": 19, "val_loss": 0.816197587384118, "val_accuracy": 0.7538451618618436, "_wandb": {"runtime": 61}}