{"train_loss": 0.26805207973235595, "train_accuracy": 0.9116663928487366, "_timestamp": 1747591418.67876, "_runtime": 169.9017779827118, "_step": 19, "val_loss": 1.0752132776854695, "val_accuracy": 0.7144761094148608, "_wandb": {"runtime": 170}}