{"train_loss": 0.4036943674776595, "train_accuracy": 0.8700522187817303, "_timestamp": 1747616525.2597392, "_runtime": 55.90286612510681, "_step": 19, "val_loss": 0.9410865505536398, "val_accuracy": 0.725681291686164, "_wandb": {"runtime": 56}}