{"train_loss": 0.47636077789902, "train_accuracy": 0.8472058121868641, "_timestamp": 1747628262.2906911, "_runtime": 62.90106225013733, "_step": 19, "val_loss": 0.794271214140786, "val_accuracy": 0.7602468530337015, "_wandb": {"runtime": 63}}