{"train_loss": 0.5044032202874528, "train_accuracy": 0.8339647440247874, "_timestamp": 1747603990.1272187, "_runtime": 153.17513966560364, "_step": 19, "val_loss": 0.9213943153187849, "val_accuracy": 0.7205472588539124, "_wandb": {"runtime": 153}}