{"train_loss": 0.4724942000660986, "train_accuracy": 0.8471627646865789, "_timestamp": 1747626083.7774336, "_runtime": 180.7835726737976, "_step": 19, "val_loss": 0.8174354511758556, "val_accuracy": 0.7520265691522239, "_wandb": {"runtime": 181}}