{"train_loss": 0.49481779250795443, "train_accuracy": 0.8429809626127254, "_timestamp": 1747633014.952968, "_runtime": 49.98608088493347, "_step": 19, "val_loss": 0.8504579961299896, "val_accuracy": 0.7437407241927253, "_wandb": {"runtime": 50}}