{"train_loss": 0.42271917558818883, "train_accuracy": 0.8656159935659067, "_timestamp": 1747651158.5029995, "_runtime": 61.55796957015991, "_step": 19, "val_loss": 0.8110060029559665, "val_accuracy": 0.7577024466461606, "_wandb": {"runtime": 62}}