{"train_loss": 0.3203631716139744, "train_accuracy": 0.8971192233824317, "_timestamp": 1747638832.0399067, "_runtime": 52.99451565742493, "_step": 19, "val_loss": 0.8897646102640364, "val_accuracy": 0.7507979936069913, "_wandb": {"runtime": 53}}