{"train_loss": 0.5087258104299535, "train_accuracy": 0.8344281005721561, "_timestamp": 1747657283.2712398, "_runtime": 60.69987082481384, "_step": 19, "val_loss": 0.7503301699956259, "val_accuracy": 0.7602141035927666, "_wandb": {"runtime": 61}}