{"train_loss": 0.38131246263581203, "train_accuracy": 0.8780108624800093, "_timestamp": 1747608716.8649147, "_runtime": 59.41050171852112, "_step": 19, "val_loss": 0.9824674791759915, "val_accuracy": 0.7209926512506273, "_wandb": {"runtime": 60}}