{"train_loss": 0.45797455125365694, "train_accuracy": 0.8493915686731573, "_timestamp": 1747607207.2586973, "_runtime": 160.00256633758545, "_step": 19, "val_loss": 0.9343555448711782, "val_accuracy": 0.7221713627594105, "_wandb": {"runtime": 160}}