{"train_loss": 0.40200847628488706, "train_accuracy": 0.8720889498043611, "_timestamp": 1747635729.1794114, "_runtime": 62.214619398117065, "_step": 19, "val_loss": 0.8518437279595269, "val_accuracy": 0.7553743322690328, "_wandb": {"runtime": 62}}