{"train_loss": 0.586906412174936, "train_accuracy": 0.8022966247073487, "_timestamp": 1747608345.9872868, "_runtime": 96.57541370391846, "_step": 19, "val_loss": 0.9689834918294634, "val_accuracy": 0.7152201720646449, "_wandb": {"runtime": 97}}