{"train_loss": 0.7319824165002459, "train_accuracy": 0.7672849938359564, "_timestamp": 1747617758.6523159, "_runtime": 63.46291780471802, "_step": 19, "val_loss": 1.029373675584793, "val_accuracy": 0.6925690902603997, "_wandb": {"runtime": 63}}