{"train_loss": 0.5220100049338589, "train_accuracy": 0.8319717650813174, "_timestamp": 1747614359.4822266, "_runtime": 106.0593147277832, "_step": 19, "val_loss": 0.9839107087680272, "val_accuracy": 0.7080075332096645, "_wandb": {"runtime": 106}}