{"train_loss": 0.4865025771146565, "train_accuracy": 0.8460745222306665, "_timestamp": 1747634354.4008427, "_runtime": 67.6733546257019, "_step": 19, "val_loss": 0.8408653769228194, "val_accuracy": 0.747456302245458, "_wandb": {"runtime": 68}}