{"train_loss": 0.2495562269680762, "train_accuracy": 0.9217672775246505, "_timestamp": 1747631979.3248472, "_runtime": 50.41375112533569, "_step": 19, "val_loss": 0.9106857809755537, "val_accuracy": 0.753248843881819, "_wandb": {"runtime": 50}}