{"train_loss": 0.4057440985144907, "train_accuracy": 0.8636444903522558, "_timestamp": 1747607511.4265158, "_runtime": 51.39164090156555, "_step": 19, "val_loss": 0.9963452981577979, "val_accuracy": 0.7233458028899299, "_wandb": {"runtime": 51}}