{"train_loss": 0.5925811408572115, "train_accuracy": 0.8119837376423654, "_timestamp": 1747644473.730388, "_runtime": 525.5362989902496, "_step": 19, "val_loss": 0.8864548359598432, "val_accuracy": 0.7193391697747367, "_wandb": {"runtime": 526}}