{"train_loss": 0.4684302284882937, "train_accuracy": 0.849289495131873, "_timestamp": 1747652749.3122344, "_runtime": 64.18443441390991, "_step": 19, "val_loss": 0.8087420066197714, "val_accuracy": 0.7557467155986362, "_wandb": {"runtime": 64}}