{"train_loss": 0.4027889319378802, "train_accuracy": 0.8663300521639425, "_timestamp": 1747598879.2572942, "_runtime": 156.56414222717285, "_step": 19, "val_loss": 1.018787920475006, "val_accuracy": 0.6983967285225356, "_wandb": {"runtime": 157}}