{"train_loss": 0.5940132091945919, "train_accuracy": 0.8085719046820435, "_timestamp": 1747608919.044806, "_runtime": 190.1008551120758, "_step": 19, "val_loss": 1.065865172856096, "val_accuracy": 0.6845106076503146, "_wandb": {"runtime": 190}}