{"train_loss": 0.26801131678626716, "train_accuracy": 0.9139102718044567, "_timestamp": 1747651714.7226102, "_runtime": 107.1879551410675, "_step": 19, "val_loss": 0.9169770087514605, "val_accuracy": 0.7573378205299377, "_wandb": {"runtime": 107}}