{"train_loss": 0.8943703466144899, "train_accuracy": 0.7050901921371647, "_timestamp": 1747603188.1330996, "_runtime": 140.05001950263977, "_step": 19, "val_loss": 0.9756022734918456, "val_accuracy": 0.6856085865393929, "_wandb": {"runtime": 140}}