{"train_loss": 0.3030796790054079, "train_accuracy": 0.9037456715727128, "_timestamp": 1747620039.6860557, "_runtime": 56.54360055923462, "_step": 19, "val_loss": 0.9856106440226237, "val_accuracy": 0.7304293314615885, "_wandb": {"runtime": 57}}