{"train_loss": 0.46513200150748896, "train_accuracy": 0.8509412369976154, "_timestamp": 1747629873.3150618, "_runtime": 61.57528281211853, "_step": 19, "val_loss": 0.8632224235269759, "val_accuracy": 0.7471227811442481, "_wandb": {"runtime": 62}}