{"train_loss": 0.3790192410263712, "train_accuracy": 0.8778793005584982, "_timestamp": 1747656865.2837484, "_runtime": 103.89087533950806, "_step": 19, "val_loss": 0.8316526702472142, "val_accuracy": 0.7592148559434073, "_wandb": {"runtime": 104}}