{"train_loss": 0.3299386912601532, "train_accuracy": 0.8933961577498155, "_timestamp": 1747654054.7873964, "_runtime": 103.00531935691833, "_step": 19, "val_loss": 0.9290030479431153, "val_accuracy": 0.7434343797819954, "_wandb": {"runtime": 103}}