{"train_loss": 0.301889047802961, "train_accuracy": 0.9021533173866106, "_timestamp": 1747641318.46602, "_runtime": 189.49726819992065, "_step": 19, "val_loss": 0.882810374101003, "val_accuracy": 0.7632312947425289, "_wandb": {"runtime": 189}}