{"train_loss": 0.5181553279697981, "train_accuracy": 0.8279303750494972, "_timestamp": 1747598401.71234, "_runtime": 147.7590310573578, "_step": 19, "val_loss": 0.929943317088528, "val_accuracy": 0.712833020998084, "_wandb": {"runtime": 148}}