{"train_loss": 0.3287362244432372, "train_accuracy": 0.8966999177987864, "_timestamp": 1747651023.4926775, "_runtime": 49.20433735847473, "_step": 19, "val_loss": 0.8971325357755026, "val_accuracy": 0.7466236982080672, "_wandb": {"runtime": 49}}