{"train_loss": 0.44661619914749456, "train_accuracy": 0.8496213045423431, "_timestamp": 1747615948.7125478, "_runtime": 51.18832087516785, "_step": 19, "val_loss": 0.9887445072333018, "val_accuracy": 0.7195459008216858, "_wandb": {"runtime": 51}}