{"train_loss": 0.6671493494648665, "train_accuracy": 0.7743605515891322, "_timestamp": 1747591592.3176668, "_runtime": 160.53269982337952, "_step": 19, "val_loss": 0.9898682154607081, "val_accuracy": 0.6965688657069552, "_wandb": {"runtime": 161}}