{"train_loss": 0.3681631563715852, "train_accuracy": 0.8805714652717458, "_timestamp": 1747658305.631712, "_runtime": 61.441680908203125, "_step": 19, "val_loss": 0.9167167842388153, "val_accuracy": 0.7495661543475257, "_wandb": {"runtime": 62}}