{"train_loss": 0.42628898570647816, "train_accuracy": 0.8627767096020583, "_timestamp": 1747646391.9680343, "_runtime": 529.2951502799988, "_step": 19, "val_loss": 0.8074130322252001, "val_accuracy": 0.7539467930793762, "_wandb": {"runtime": 529}}