{"train_loss": 0.4868528426899386, "train_accuracy": 0.8427194749688827, "_timestamp": 1747601596.8690197, "_runtime": 97.03877568244934, "_step": 19, "val_loss": 0.9876054746764047, "val_accuracy": 0.7113995177405221, "_wandb": {"runtime": 97}}