{"train_loss": 0.5262633438055226, "train_accuracy": 0.8324055075645447, "_timestamp": 1747636112.5086834, "_runtime": 62.70803642272949, "_step": 19, "val_loss": 0.8195907142427232, "val_accuracy": 0.7507958577738868, "_wandb": {"runtime": 63}}