{"train_loss": 0.3800651883717217, "train_accuracy": 0.8774647519767629, "_timestamp": 1747657789.1058447, "_runtime": 102.19407081604004, "_step": 19, "val_loss": 0.8108891350882393, "val_accuracy": 0.7583993826593671, "_wandb": {"runtime": 102}}