{"train_loss": 0.4806905611918841, "train_accuracy": 0.8443583100172826, "_timestamp": 1747636774.8773317, "_runtime": 96.29469680786133, "_step": 19, "val_loss": 0.8985550420624869, "val_accuracy": 0.737159948689597, "_wandb": {"runtime": 96}}