{"train_loss": 0.43809013878334463, "train_accuracy": 0.8572073594338632, "_timestamp": 1747626486.2515056, "_runtime": 99.82486367225647, "_step": 19, "val_loss": 0.7943502247333527, "val_accuracy": 0.7573946493012564, "_wandb": {"runtime": 100}}