{"train_loss": 0.41533599992018905, "train_accuracy": 0.8677290684915002, "_timestamp": 1747632703.750727, "_runtime": 65.59082889556885, "_step": 19, "val_loss": 0.8192070689466264, "val_accuracy": 0.7575593690077463, "_wandb": {"runtime": 65}}