{"train_loss": 0.42239179009991573, "train_accuracy": 0.8614726803895366, "_timestamp": 1747649542.892444, "_runtime": 91.28478193283081, "_step": 19, "val_loss": 0.8811119931084769, "val_accuracy": 0.7469954814229692, "_wandb": {"runtime": 91}}