{"train_loss": 0.43455855160779344, "train_accuracy": 0.8605808081654455, "_timestamp": 1747650184.5034564, "_runtime": 63.69332838058472, "_step": 19, "val_loss": 0.8088832365141975, "val_accuracy": 0.7618127399020724, "_wandb": {"runtime": 63}}