{"train_loss": 0.37329741600798455, "train_accuracy": 0.87542669127888, "_timestamp": 1747593191.654178, "_runtime": 151.6147220134735, "_step": 19, "val_loss": 0.99502057009849, "val_accuracy": 0.7153779803842738, "_wandb": {"runtime": 152}}