{"train_loss": 0.43632299862156027, "train_accuracy": 0.85404599953249, "_timestamp": 1747619646.1349952, "_runtime": 50.70847725868225, "_step": 19, "val_loss": 0.9886301159858704, "val_accuracy": 0.711486839585834, "_wandb": {"runtime": 51}}