{"train_loss": 0.3447741595651373, "train_accuracy": 0.8867633577027073, "_timestamp": 1747618704.4976814, "_runtime": 54.06635046005249, "_step": 19, "val_loss": 1.035781270927853, "val_accuracy": 0.7243413627147675, "_wandb": {"runtime": 54}}