{"train_loss": 0.6998093377060207, "train_accuracy": 0.7634146100532819, "_timestamp": 1747593532.66792, "_runtime": 151.75695705413818, "_step": 19, "val_loss": 1.006636795790299, "val_accuracy": 0.6927539844443833, "_wandb": {"runtime": 152}}