{"train_loss": 0.49213299681412326, "train_accuracy": 0.8361461802605437, "_timestamp": 1747601486.9028807, "_runtime": 150.09506464004517, "_step": 19, "val_loss": 0.9869896834311278, "val_accuracy": 0.7011416381683903, "_wandb": {"runtime": 150}}