{"train_loss": 0.5084370579678199, "train_accuracy": 0.8385774014313097, "_timestamp": 1747629229.2799067, "_runtime": 50.96561574935913, "_step": 19, "val_loss": 0.7939905358685387, "val_accuracy": 0.7578651176558601, "_wandb": {"runtime": 51}}