{"train_loss": 0.5095786379940938, "train_accuracy": 0.8343038193752311, "_timestamp": 1747649376.0195727, "_runtime": 62.35210871696472, "_step": 19, "val_loss": 0.7896053559250302, "val_accuracy": 0.7519947422875298, "_wandb": {"runtime": 63}}