{"train_loss": 0.5151019500342408, "train_accuracy": 0.8268723785877228, "_timestamp": 1747618577.9353418, "_runtime": 90.67653489112854, "_step": 19, "val_loss": 0.9985316395759583, "val_accuracy": 0.7195018308503287, "_wandb": {"runtime": 91}}