{"train_loss": 0.2948090354285261, "train_accuracy": 0.903961735161617, "_timestamp": 1747625135.04556, "_runtime": 163.62957787513733, "_step": 19, "val_loss": 0.9117381771405538, "val_accuracy": 0.75021316262259, "_wandb": {"runtime": 164}}