{"train_loss": 0.41828143441608184, "train_accuracy": 0.8645038683979498, "_timestamp": 1747620111.0849576, "_runtime": 61.531535625457764, "_step": 19, "val_loss": 0.9399426413906945, "val_accuracy": 0.7255779935253991, "_wandb": {"runtime": 62}}