{"train_loss": 0.6395464889306235, "train_accuracy": 0.7882518100669519, "_timestamp": 1747592458.534427, "_runtime": 171.73919796943665, "_step": 19, "val_loss": 0.9675134973249574, "val_accuracy": 0.6899089372676351, "_wandb": {"runtime": 172}}