{"train_loss": 1.1700026530950356, "train_accuracy": 0.6418780558533675, "_timestamp": 1747590342.4141645, "_runtime": 127.35308265686035, "_step": 19, "val_loss": 1.1927772941796675, "val_accuracy": 0.6379288832346598, "_wandb": {"runtime": 127}}