{"train_loss": 0.43414029414332894, "train_accuracy": 0.8582348257691401, "_timestamp": 1747624467.9925091, "_runtime": 183.00509810447693, "_step": 19, "val_loss": 0.8307096599668696, "val_accuracy": 0.7466262794923091, "_wandb": {"runtime": 183}}