{"train_loss": 0.40286442878618406, "train_accuracy": 0.8682449472088345, "_timestamp": 1747634092.8488684, "_runtime": 91.85728025436401, "_step": 19, "val_loss": 0.8698630741664342, "val_accuracy": 0.7406508990696499, "_wandb": {"runtime": 92}}