{"train_loss": 1.7458907772939216, "train_accuracy": 0.508742928677461, "_timestamp": 1747589457.0303025, "_runtime": 93.27393651008606, "_step": 19, "val_loss": 1.7266906620799631, "val_accuracy": 0.5127562699110612, "_wandb": {"runtime": 93}}