{"train_loss": 0.39398158062384203, "train_accuracy": 0.8731039476118626, "_timestamp": 1747636035.6604037, "_runtime": 184.3973617553711, "_step": 19, "val_loss": 0.8428558525831803, "val_accuracy": 0.7612319977387138, "_wandb": {"runtime": 184}}