{"train_loss": 1.0788440047055698, "train_accuracy": 0.6395245253090921, "_timestamp": 1747590534.1746469, "_runtime": 105.20547580718994, "_step": 19, "val_loss": 1.1270891851273135, "val_accuracy": 0.6313762336537458, "_wandb": {"runtime": 105}}