{"train_loss": 0.6843318250137946, "train_accuracy": 0.7802985768786744, "_timestamp": 1747614553.0136597, "_runtime": 64.8812518119812, "_step": 19, "val_loss": 0.9682551556163363, "val_accuracy": 0.6998035775290595, "_wandb": {"runtime": 65}}