{"train_loss": 1.1781601370070023, "train_accuracy": 0.6353021829114484, "_timestamp": 1747605723.8180997, "_runtime": 98.60557174682617, "_step": 19, "val_loss": 1.3555853639330182, "val_accuracy": 0.5906492514269692, "_wandb": {"runtime": 99}}