{"train_loss": 0.34683870153792334, "train_accuracy": 0.8869451460121685, "_timestamp": 1747611210.158887, "_runtime": 102.35466885566711, "_step": 19, "val_loss": 0.9900043896266393, "val_accuracy": 0.7236555167606898, "_wandb": {"runtime": 103}}