{"train_loss": 0.3591456924904289, "train_accuracy": 0.8846992712489442, "_timestamp": 1747637074.1653955, "_runtime": 58.96556258201599, "_step": 19, "val_loss": 0.8225809865527682, "val_accuracy": 0.7568881147437625, "_wandb": {"runtime": 59}}