{"train_loss": 0.5401841342621456, "train_accuracy": 0.818546584231316, "_timestamp": 1747613935.2791216, "_runtime": 98.55781865119934, "_step": 19, "val_loss": 1.0074205262320381, "val_accuracy": 0.7044411386762347, "_wandb": {"runtime": 99}}