{"train_loss": 0.35007095371367614, "train_accuracy": 0.8883060189340845, "_timestamp": 1747631849.826177, "_runtime": 58.849737882614136, "_step": 19, "val_loss": 0.8118524750073751, "val_accuracy": 0.7634501953919729, "_wandb": {"runtime": 59}}