{"train_loss": 0.4608189225885909, "train_accuracy": 0.8514599066249208, "_timestamp": 1747632332.5705943, "_runtime": 61.447070360183716, "_step": 19, "val_loss": 0.7953183915879991, "val_accuracy": 0.7562126417954763, "_wandb": {"runtime": 61}}