{"train_loss": 0.671988181640647, "train_accuracy": 0.786561360593476, "_timestamp": 1747647233.4205477, "_runtime": 286.74978280067444, "_step": 19, "val_loss": 0.9075764351420932, "val_accuracy": 0.7265005012353262, "_wandb": {"runtime": 287}}