{"train_loss": 0.36622882574107607, "train_accuracy": 0.8814936102814757, "_timestamp": 1747633882.6511889, "_runtime": 95.56805896759033, "_step": 19, "val_loss": 0.8507059395313263, "val_accuracy": 0.7608141899108887, "_wandb": {"runtime": 95}}