{"train_loss": 0.45384048812651223, "train_accuracy": 0.8523885645618329, "_timestamp": 1747620485.439222, "_runtime": 62.25774002075195, "_step": 19, "val_loss": 0.9287787245379554, "val_accuracy": 0.7230109340614743, "_wandb": {"runtime": 62}}