{"train_loss": 0.35239281871415284, "train_accuracy": 0.8861956083016589, "_timestamp": 1747655605.597047, "_runtime": 65.12055706977844, "_step": 19, "val_loss": 0.8472047746181488, "val_accuracy": 0.7625759641329447, "_wandb": {"runtime": 65}}