{"train_loss": 0.4462736197646206, "train_accuracy": 0.8538324858793819, "_timestamp": 1747603356.1728897, "_runtime": 155.1627836227417, "_step": 19, "val_loss": 0.9492109854152238, "val_accuracy": 0.7259163355481797, "_wandb": {"runtime": 155}}