{"train_loss": 0.8584918261609443, "train_accuracy": 0.7320920862095746, "_timestamp": 1747590204.2165725, "_runtime": 136.6676836013794, "_step": 19, "val_loss": 1.0840733224067136, "val_accuracy": 0.6712117281512938, "_wandb": {"runtime": 137}}