{"train_loss": 0.394679893820272, "train_accuracy": 0.8733768025574656, "_timestamp": 1747609055.2413492, "_runtime": 56.27887320518494, "_step": 19, "val_loss": 0.9638804992039999, "val_accuracy": 0.7249632709556155, "_wandb": {"runtime": 56}}