{"train_loss": 0.3721020536960205, "train_accuracy": 0.8791134114554852, "_timestamp": 1747637445.7113829, "_runtime": 97.11673092842102, "_step": 19, "val_loss": 0.8145361116954258, "val_accuracy": 0.7645565492766244, "_wandb": {"runtime": 97}}