{"train_loss": 0.378625418237179, "train_accuracy": 0.8785063138586937, "_timestamp": 1747639225.3617475, "_runtime": 94.4662926197052, "_step": 19, "val_loss": 0.8283465112958636, "val_accuracy": 0.7591056329863412, "_wandb": {"runtime": 94}}