{"train_loss": 0.3876902958044427, "train_accuracy": 0.8754992889875621, "_timestamp": 1747636465.8773117, "_runtime": 98.98735070228577, "_step": 19, "val_loss": 0.8239302481923785, "val_accuracy": 0.7553657804216657, "_wandb": {"runtime": 99}}