{"train_loss": 0.3991829677124244, "train_accuracy": 0.8700181338828423, "_timestamp": 1747613141.937911, "_runtime": 50.02069592475891, "_step": 19, "val_loss": 0.9410488307476044, "val_accuracy": 0.7234442465835147, "_wandb": {"runtime": 50}}