{"train_loss": 0.34784169960228695, "train_accuracy": 0.8871796282729661, "_timestamp": 1747639901.0810292, "_runtime": 96.66891717910767, "_step": 19, "val_loss": 0.823866423538753, "val_accuracy": 0.7645469205720085, "_wandb": {"runtime": 97}}