{"train_loss": 0.44366057174054185, "train_accuracy": 0.8582056409361735, "_timestamp": 1747627881.9789045, "_runtime": 64.63376760482788, "_step": 19, "val_loss": 0.7958912948767344, "val_accuracy": 0.7554982701937357, "_wandb": {"runtime": 65}}