{"_step":19,"val_loss":0.8478105340685164,"val_accuracy":0.7635509763445173,"_wandb":{"runtime":94},"train_loss":0.298343883773495,"train_accuracy":0.9032028570685083,"_timestamp":1.7476601021126409e+09,"_runtime":94.325674752}