{"train_loss": 0.31736857969464594, "train_accuracy": 0.8975059872417781, "_timestamp": 1747631673.3401449, "_runtime": 96.44387483596802, "_step": 19, "val_loss": 0.803111595766885, "val_accuracy": 0.7699575594493321, "_wandb": {"runtime": 97}}