{"train_loss": 0.4799208577313175, "train_accuracy": 0.8457049572398897, "_timestamp": 1747618185.3253026, "_runtime": 60.99757766723633, "_step": 19, "val_loss": 0.896518607934316, "val_accuracy": 0.7339017689228058, "_wandb": {"runtime": 61}}