{"train_loss": 0.5327081942144846, "train_accuracy": 0.8314097647722056, "_timestamp": 1747640227.8557408, "_runtime": 66.34619188308716, "_step": 19, "val_loss": 0.8497975402408176, "val_accuracy": 0.7453928622934554, "_wandb": {"runtime": 66}}