{"train_loss": 0.34325782463729726, "train_accuracy": 0.8906568988210204, "_timestamp": 1747653939.675202, "_runtime": 54.53820180892944, "_step": 19, "val_loss": 0.8671659761004977, "val_accuracy": 0.7522820863458846, "_wandb": {"runtime": 55}}