{"train_loss": 1.106803413065401, "train_accuracy": 0.6296332366387164, "_timestamp": 1747590653.6719165, "_runtime": 112.7142493724823, "_step": 19, "val_loss": 1.1125401569449382, "val_accuracy": 0.6356831443482551, "_wandb": {"runtime": 113}}