{"train_loss": 0.24171079243021892, "train_accuracy": 0.9215247367503326, "_timestamp": 1747651484.9702606, "_runtime": 106.87244653701782, "_step": 19, "val_loss": 0.9373571463993617, "val_accuracy": 0.7628743205751691, "_wandb": {"runtime": 107}}