{"train_loss": 0.5244002631190199, "train_accuracy": 0.827561459907057, "_timestamp": 1747613369.4825366, "_runtime": 154.98823356628418, "_step": 19, "val_loss": 0.9306789835294088, "val_accuracy": 0.716939533966175, "_wandb": {"runtime": 155}}