{"train_loss": 0.3378598934222508, "train_accuracy": 0.8912378937178265, "_timestamp": 1747658580.5934267, "_runtime": 106.52912878990173, "_step": 19, "val_loss": 0.8572733734335218, "val_accuracy": 0.7587818946157183, "_wandb": {"runtime": 107}}