{"train_loss": 0.33715667575597763, "train_accuracy": 0.8919743010074417, "_timestamp": 1747649817.1976705, "_runtime": 94.12023854255676, "_step": 19, "val_loss": 0.8314382025173732, "val_accuracy": 0.7607577409063067, "_wandb": {"runtime": 94}}