{"train_loss": 0.45901756479560984, "train_accuracy": 0.8495501479661534, "_timestamp": 1747657364.0121856, "_runtime": 69.87107467651367, "_step": 19, "val_loss": 0.9011949366993375, "val_accuracy": 0.7376634114318423, "_wandb": {"runtime": 70}}