{"train_loss": 0.36627449241676774, "train_accuracy": 0.8811057141061464, "_timestamp": 1747617986.6127658, "_runtime": 51.28036689758301, "_step": 19, "val_loss": 0.968550443649292, "val_accuracy": 0.7198706368605295, "_wandb": {"runtime": 51}}