{"train_loss": 0.3333693735000026, "train_accuracy": 0.8944270190475994, "_timestamp": 1747644769.8362699, "_runtime": 286.9193608760834, "_step": 19, "val_loss": 0.830626732773251, "val_accuracy": 0.7669156326187981, "_wandb": {"runtime": 287}}