{"train_loss": 0.4186274504041396, "train_accuracy": 0.8652458046213051, "_timestamp": 1747628773.8652081, "_runtime": 54.36292123794556, "_step": 19, "val_loss": 0.7916383047898611, "val_accuracy": 0.7609536912706163, "_wandb": {"runtime": 55}}