{"train_loss": 0.4394648288715782, "train_accuracy": 0.8570213235182569, "_timestamp": 1747618912.9212193, "_runtime": 58.10085439682007, "_step": 19, "val_loss": 0.9514966077274747, "val_accuracy": 0.7201199862692091, "_wandb": {"runtime": 58}}