{"train_loss": 0.37057348551777747, "train_accuracy": 0.8820576574761054, "_timestamp": 1747637766.5108502, "_runtime": 65.23109030723572, "_step": 19, "val_loss": 0.8532352315055, "val_accuracy": 0.7549905512068007, "_wandb": {"runtime": 65}}