{"train_loss": 0.30113801691745745, "train_accuracy": 0.9012608385154967, "_timestamp": 1747610881.6873767, "_runtime": 85.00021481513977, "_step": 19, "val_loss": 1.0021510703223093, "val_accuracy": 0.7221418023109436, "_wandb": {"runtime": 85}}