{"train_loss": 0.5845643356011782, "train_accuracy": 0.8107777020834774, "_timestamp": 1747605518.4178865, "_runtime": 56.42756652832031, "_step": 19, "val_loss": 0.945019394159317, "val_accuracy": 0.7224996652868059, "_wandb": {"runtime": 57}}