{"train_loss": 0.36278990755191426, "train_accuracy": 0.8792143467533795, "_timestamp": 1747610710.1679878, "_runtime": 56.60826373100281, "_step": 19, "val_loss": 1.0254746708605025, "val_accuracy": 0.7186749279499054, "_wandb": {"runtime": 57}}