{"train_loss": 0.648556913943649, "train_accuracy": 0.789508472288275, "_timestamp": 1747637336.8833797, "_runtime": 54.68545365333557, "_step": 19, "val_loss": 0.818343397643831, "val_accuracy": 0.7449927495585548, "_wandb": {"runtime": 55}}