{"train_loss": 0.5615547615496409, "train_accuracy": 0.8095048144029054, "_timestamp": 1747610286.418477, "_runtime": 91.45806097984314, "_step": 19, "val_loss": 0.9921380043029785, "val_accuracy": 0.7111773388726371, "_wandb": {"runtime": 92}}