{"train_loss": 0.8837200172374703, "train_accuracy": 0.7092456007968484, "_timestamp": 1747631916.6139073, "_runtime": 54.16271233558655, "_step": 19, "val_loss": 1.0223303470346663, "val_accuracy": 0.6700624028841654, "_wandb": {"runtime": 54}}