{"train_loss": 0.35273185238845084, "train_accuracy": 0.8862882368481917, "_timestamp": 1747643686.3370667, "_runtime": 526.5257017612457, "_step": 19, "val_loss": 0.848279012952532, "val_accuracy": 0.76405633858272, "_wandb": {"runtime": 527}}