{"train_loss": 0.4097403038099322, "train_accuracy": 0.8688654524053452, "_timestamp": 1747652533.080484, "_runtime": 62.74334788322449, "_step": 19, "val_loss": 0.8019086155626509, "val_accuracy": 0.7618577977021536, "_wandb": {"runtime": 63}}