{"train_loss": 0.5714427391228648, "train_accuracy": 0.8152895654212533, "_timestamp": 1747638707.6712947, "_runtime": 112.26609373092651, "_step": 19, "val_loss": 0.8248286017349789, "val_accuracy": 0.7442045211791992, "_wandb": {"runtime": 112}}