{"train_loss": 0.42165410290061134, "train_accuracy": 0.8612650699277346, "_timestamp": 1747596478.3156772, "_runtime": 159.42313814163208, "_step": 19, "val_loss": 0.9880739839180656, "val_accuracy": 0.7165262241294419, "_wandb": {"runtime": 160}}