{"train_loss": 0.3979509412250367, "train_accuracy": 0.8710301398540888, "_timestamp": 1747628444.7316222, "_runtime": 173.38336324691772, "_step": 19, "val_loss": 0.8311643799146017, "val_accuracy": 0.7566681461057801, "_wandb": {"runtime": 173}}