{"train_loss": 0.31532273247751885, "train_accuracy": 0.9003972559305974, "_timestamp": 1747640796.4008322, "_runtime": 57.12467122077942, "_step": 19, "val_loss": 0.8598251574569278, "val_accuracy": 0.7555368112193214, "_wandb": {"runtime": 57}}