{"train_loss": 0.6114432005523947, "train_accuracy": 0.7994570043045661, "_timestamp": 1747614884.0570703, "_runtime": 53.49414825439453, "_step": 19, "val_loss": 0.9372086558077071, "val_accuracy": 0.7112196849452125, "_wandb": {"runtime": 54}}