{"train_loss": 0.33076271164968524, "train_accuracy": 0.8924200226461267, "_timestamp": 1747611862.04291, "_runtime": 101.87243914604187, "_step": 19, "val_loss": 0.9977353538785662, "val_accuracy": 0.726934438092368, "_wandb": {"runtime": 102}}