{"train_loss": 0.3344600306751069, "train_accuracy": 0.8886963168722504, "_timestamp": 1747606967.213948, "_runtime": 138.89696502685547, "_step": 19, "val_loss": 1.0331850289434628, "val_accuracy": 0.7120436067166536, "_wandb": {"runtime": 139}}