{"train_loss": 0.3086664861854101, "train_accuracy": 0.8995553553104401, "_timestamp": 1747637691.2566807, "_runtime": 97.00183582305908, "_step": 19, "val_loss": 0.8331769670758928, "val_accuracy": 0.7703051737376622, "_wandb": {"runtime": 97}}