{"train_loss": 0.3972190783892064, "train_accuracy": 0.8736721783704151, "_timestamp": 1747657213.9311645, "_runtime": 62.88856339454651, "_step": 19, "val_loss": 0.8340991172525618, "val_accuracy": 0.7562722961107889, "_wandb": {"runtime": 63}}