{"train_loss": 1.4762424237466272, "train_accuracy": 0.5286930933853106, "_timestamp": 1747588558.3503757, "_runtime": 43.43695569038391, "_step": 19, "val_loss": 1.4410956237051222, "val_accuracy": 0.5560661604007086, "_wandb": {"runtime": 44}}