{"train_loss": 1.7708933446448663, "train_accuracy": 0.5009250053436081, "_timestamp": 1747588504.222087, "_runtime": 66.30813097953796, "_step": 19, "val_loss": 1.6518026045390537, "val_accuracy": 0.5361327179840633, "_wandb": {"runtime": 66}}