{"train_loss": 0.4482568511039535, "train_accuracy": 0.8526098330241407, "_timestamp": 1747637881.077137, "_runtime": 103.06552505493164, "_step": 19, "val_loss": 0.7935189289706094, "val_accuracy": 0.7569901704788208, "_wandb": {"runtime": 103}}