{"train_loss": 0.7733826042084204, "train_accuracy": 0.7463544488988288, "_timestamp": 1747596802.415892, "_runtime": 142.2139368057251, "_step": 19, "val_loss": 0.9470758109852888, "val_accuracy": 0.7028100378271462, "_wandb": {"runtime": 142}}