{"train_loss": 0.6684753002458914, "train_accuracy": 0.7728908773447047, "_timestamp": 1747617926.0941486, "_runtime": 87.65566968917847, "_step": 19, "val_loss": 0.946344906943185, "val_accuracy": 0.7030870573861259, "_wandb": {"runtime": 88}}