{"train_loss": 1.1109104492039825, "train_accuracy": 0.6298923248319999, "_timestamp": 1747597271.8816977, "_runtime": 153.60558772087097, "_step": 19, "val_loss": 1.129640361537104, "val_accuracy": 0.6303148213504017, "_wandb": {"runtime": 154}}