{"train_loss": 0.37340502139460835, "train_accuracy": 0.8784062259459082, "_timestamp": 1747614477.8277397, "_runtime": 50.97119879722595, "_step": 19, "val_loss": 0.9529380400975546, "val_accuracy": 0.7245281371805403, "_wandb": {"runtime": 51}}