{"train_loss": 0.3658476304801213, "train_accuracy": 0.8821049491105052, "_timestamp": 1747619110.3657205, "_runtime": 51.312883615493774, "_step": 19, "val_loss": 1.0238084263271756, "val_accuracy": 0.7155731154812707, "_wandb": {"runtime": 51}}