{"train_loss": 0.32013068051007443, "train_accuracy": 0.8958627636722057, "_timestamp": 1747649304.4089031, "_runtime": 92.69077014923096, "_step": 19, "val_loss": 0.8367298935140882, "val_accuracy": 0.7632144825799124, "_wandb": {"runtime": 93}}