{"train_loss": 0.33879268836940646, "train_accuracy": 0.8898622924192793, "_timestamp": 1747638058.411195, "_runtime": 96.21490693092346, "_step": 19, "val_loss": 0.8454366539205823, "val_accuracy": 0.7657067026410784, "_wandb": {"runtime": 96}}