{"train_loss": 0.33224306436460144, "train_accuracy": 0.8930889552383754, "_timestamp": 1747616351.595669, "_runtime": 81.38099813461304, "_step": 19, "val_loss": 1.0065092989376614, "val_accuracy": 0.7223936574799674, "_wandb": {"runtime": 81}}