{"train_loss": 0.39599543275860694, "train_accuracy": 0.870157058528393, "_timestamp": 1747608458.2060585, "_runtime": 101.84807348251343, "_step": 19, "val_loss": 0.9940091865403312, "val_accuracy": 0.7199275187083654, "_wandb": {"runtime": 102}}