{"train_loss": 0.3933492125028131, "train_accuracy": 0.8747101274528944, "_timestamp": 1747628189.5799377, "_runtime": 112.4737377166748, "_step": 19, "val_loss": 0.9216820188931056, "val_accuracy": 0.7389779993465968, "_wandb": {"runtime": 112}}