{"train_loss": 0.47017179610412246, "train_accuracy": 0.850822926256698, "_timestamp": 1747637951.9264083, "_runtime": 61.44111728668213, "_step": 19, "val_loss": 0.8137279219097562, "val_accuracy": 0.7556514475080702, "_wandb": {"runtime": 62}}