{"train_loss": 0.5383442159677516, "train_accuracy": 0.8279475214853452, "_timestamp": 1747634503.4358115, "_runtime": 68.3184404373169, "_step": 19, "val_loss": 0.8467134171062045, "val_accuracy": 0.7468909058305953, "_wandb": {"runtime": 68}}