{"train_loss": 0.35466400564061423, "train_accuracy": 0.8850916034913476, "_timestamp": 1747609319.7393553, "_runtime": 90.95535326004028, "_step": 19, "val_loss": 0.971377672467913, "val_accuracy": 0.7191530891827175, "_wandb": {"runtime": 91}}