{"train_loss": 0.5810600768968549, "train_accuracy": 0.8153316643885794, "_timestamp": 1747633778.3875053, "_runtime": 52.81675934791565, "_step": 19, "val_loss": 0.847825782166587, "val_accuracy": 0.7419284681479136, "_wandb": {"runtime": 53}}