{"train_loss": 0.2998060995305844, "train_accuracy": 0.901594710850336, "_timestamp": 1747624079.6711292, "_runtime": 160.789635181427, "_step": 19, "val_loss": 0.8951476484105207, "val_accuracy": 0.7499711677648019, "_wandb": {"runtime": 161}}