{"train_loss": 0.36797044232401543, "train_accuracy": 0.8826824826312203, "_timestamp": 1747654421.1552029, "_runtime": 65.99109292030334, "_step": 19, "val_loss": 0.8638991945319705, "val_accuracy": 0.7574363350868225, "_wandb": {"runtime": 66}}