{"train_loss": 0.46498394908243523, "train_accuracy": 0.8514049414954433, "_timestamp": 1747652251.450601, "_runtime": 61.90335416793823, "_step": 19, "val_loss": 0.8214628431532118, "val_accuracy": 0.7560934722423553, "_wandb": {"runtime": 62}}