{"train_loss": 1.2963002268978625, "train_accuracy": 0.5749195293884057, "_timestamp": 1747590055.2680326, "_runtime": 54.28037762641907, "_step": 19, "val_loss": 1.2962588787078857, "val_accuracy": 0.5796014947550637, "_wandb": {"runtime": 54}}