{"train_loss": 0.46225881266007374, "train_accuracy": 0.849760605440126, "_timestamp": 1747596145.4977129, "_runtime": 183.07711386680603, "_step": 19, "val_loss": 1.0033501550771189, "val_accuracy": 0.703738164210665, "_wandb": {"runtime": 183}}