{"train_loss": 0.2837102399396069, "train_accuracy": 0.907198761412174, "_timestamp": 1747615762.9202828, "_runtime": 94.98495674133301, "_step": 19, "val_loss": 1.0725696001734053, "val_accuracy": 0.7177301832607814, "_wandb": {"runtime": 95}}