{"train_loss": 0.5884768999951275, "train_accuracy": 0.8090222520179583, "_timestamp": 1747594075.63294, "_runtime": 170.5248429775238, "_step": 19, "val_loss": 0.989860795546269, "val_accuracy": 0.6995538429937501, "_wandb": {"runtime": 170}}