{"train_loss": 0.35957834404500233, "train_accuracy": 0.8844118450762909, "_timestamp": 1747655157.1869228, "_runtime": 96.71244978904724, "_step": 19, "val_loss": 0.8447756903512137, "val_accuracy": 0.7537062457629613, "_wandb": {"runtime": 97}}