{"train_loss": 0.29675733724425984, "train_accuracy": 0.9062223089912723, "_timestamp": 1747655231.2438753, "_runtime": 63.65788531303406, "_step": 19, "val_loss": 0.8907640410794152, "val_accuracy": 0.7580818898148007, "_wandb": {"runtime": 64}}