{"train_loss": 0.35455519571231864, "train_accuracy": 0.8834068960632843, "_timestamp": 1747625704.6226132, "_runtime": 178.53913521766663, "_step": 19, "val_loss": 0.8562190178511799, "val_accuracy": 0.749643219553906, "_wandb": {"runtime": 179}}