{"train_loss": 0.3343148353346522, "train_accuracy": 0.8898757816051092, "_timestamp": 1747592273.3035736, "_runtime": 154.42376255989075, "_step": 19, "val_loss": 1.0810617139374001, "val_accuracy": 0.6927772613539211, "_wandb": {"runtime": 154}}