{"train_loss": 0.33578636157030317, "train_accuracy": 0.8933581923473777, "_timestamp": 1747634701.4921482, "_runtime": 56.346150159835815, "_step": 19, "val_loss": 0.8701016902923584, "val_accuracy": 0.7523533006509145, "_wandb": {"runtime": 56}}