{"train_loss": 0.8978718639798247, "train_accuracy": 0.7099043409948405, "_timestamp": 1747658654.5285814, "_runtime": 63.596872329711914, "_step": 19, "val_loss": 1.0005561080243852, "val_accuracy": 0.6836981442239549, "_wandb": {"runtime": 64}}