{"train_loss": 0.3329251499878878, "train_accuracy": 0.894367515351731, "_timestamp": 1747632875.9792783, "_runtime": 59.34002637863159, "_step": 19, "val_loss": 0.8440933856699202, "val_accuracy": 0.7641836901505789, "_wandb": {"runtime": 60}}