{"train_loss": 0.3717375087367125, "train_accuracy": 0.8761704120725695, "_timestamp": 1747602253.5697007, "_runtime": 152.87892174720764, "_step": 19, "val_loss": 1.0017843341481858, "val_accuracy": 0.7167872795160266, "_wandb": {"runtime": 153}}