{"train_loss": 0.8639853783005743, "train_accuracy": 0.709025579061246, "_timestamp": 1747600493.0020287, "_runtime": 129.37203860282898, "_step": 19, "val_loss": 1.0094125832336536, "val_accuracy": 0.6658097946125529, "_wandb": {"runtime": 130}}