{"train_loss": 0.617590820565065, "train_accuracy": 0.7973904008458216, "_timestamp": 1747604833.7791402, "_runtime": 166.75194811820984, "_step": 19, "val_loss": 0.9451594270657802, "val_accuracy": 0.7059212802112966, "_wandb": {"runtime": 167}}