{"train_loss": 0.5198538010958825, "train_accuracy": 0.8289298204713206, "_timestamp": 1747623118.1692028, "_runtime": 186.1003348827362, "_step": 19, "val_loss": 0.8514568827290466, "val_accuracy": 0.7365236161411672, "_wandb": {"runtime": 186}}