{"train_loss": 0.5774203987652167, "train_accuracy": 0.8145843563396806, "_timestamp": 1747650420.2960193, "_runtime": 115.61236333847046, "_step": 19, "val_loss": 0.8699566492012569, "val_accuracy": 0.7397493583815439, "_wandb": {"runtime": 116}}