{"train_loss": 0.5336230677133359, "train_accuracy": 0.827606262760466, "_timestamp": 1747623495.3395886, "_runtime": 181.69403266906738, "_step": 19, "val_loss": 0.8262344460556472, "val_accuracy": 0.7445281718088232, "_wandb": {"runtime": 182}}