{"train_loss": 0.33948837728858683, "train_accuracy": 0.89039318358278, "_timestamp": 1747654825.067586, "_runtime": 101.96118497848511, "_step": 19, "val_loss": 0.8342552610806057, "val_accuracy": 0.757966673374176, "_wandb": {"runtime": 102}}