{"train_loss": 0.351428481393026, "train_accuracy": 0.8834518705711696, "_timestamp": 1747592108.72725, "_runtime": 163.11810302734375, "_step": 19, "val_loss": 1.006018648976865, "val_accuracy": 0.7157308519750402, "_wandb": {"runtime": 163}}