{"train_loss": 0.371919772183964, "train_accuracy": 0.8812940224057677, "_timestamp": 1747650845.3256156, "_runtime": 70.26314663887024, "_step": 19, "val_loss": 0.9005489647388458, "val_accuracy": 0.7540513144599067, "_wandb": {"runtime": 70}}