{"train_loss": 0.34985799406994283, "train_accuracy": 0.8858007647398579, "_timestamp": 1747652459.0960548, "_runtime": 95.8797037601471, "_step": 19, "val_loss": 0.8263098188808986, "val_accuracy": 0.7645594222205025, "_wandb": {"runtime": 96}}