{"train_loss": 0.7822951090491111, "train_accuracy": 0.7372269846941041, "_timestamp": 1747599748.1261292, "_runtime": 139.28381514549255, "_step": 19, "val_loss": 0.9453887576642244, "val_accuracy": 0.6929058726283087, "_wandb": {"runtime": 139}}