{"train_loss": 0.3760153923420548, "train_accuracy": 0.8792783569738355, "_timestamp": 1747651085.2572098, "_runtime": 54.72533178329468, "_step": 19, "val_loss": 0.8341651890012953, "val_accuracy": 0.7538884580135345, "_wandb": {"runtime": 55}}