{"train_loss": 0.4549969686249088, "train_accuracy": 0.8536814082564647, "_timestamp": 1747653756.7971015, "_runtime": 65.50881838798523, "_step": 19, "val_loss": 0.7848092251353793, "val_accuracy": 0.7583834893173642, "_wandb": {"runtime": 65}}