{"train_loss": 0.46089373210262014, "train_accuracy": 0.8501722602485922, "_timestamp": 1747639542.7598042, "_runtime": 197.65123534202576, "_step": 19, "val_loss": 0.9081853098339505, "val_accuracy": 0.7372962070835961, "_wandb": {"runtime": 198}}