{"train_loss": 0.4646928270772702, "train_accuracy": 0.8429218675359825, "_timestamp": 1747614418.1170995, "_runtime": 47.43533754348755, "_step": 19, "val_loss": 1.0052268538210127, "val_accuracy": 0.7047719789875878, "_wandb": {"runtime": 48}}