{"train_loss": 0.33112603796355294, "train_accuracy": 0.8941305331412078, "_timestamp": 1747614686.4610374, "_runtime": 55.312278509140015, "_step": 19, "val_loss": 0.980935232506858, "val_accuracy": 0.7244401209884219, "_wandb": {"runtime": 55}}