{"train_loss": 0.5958917855612621, "train_accuracy": 0.8051373735178051, "_timestamp": 1747600031.7833872, "_runtime": 163.2664511203766, "_step": 19, "val_loss": 0.9370228674100793, "val_accuracy": 0.7103059360946434, "_wandb": {"runtime": 163}}