{"train_loss": 0.3503661066552118, "train_accuracy": 0.8858969545777823, "_timestamp": 1747638935.3084605, "_runtime": 94.8726155757904, "_step": 19, "val_loss": 0.8233841691698347, "val_accuracy": 0.7614488397325788, "_wandb": {"runtime": 95}}