{"train_loss": 0.5348415590951897, "train_accuracy": 0.8274273238430133, "_timestamp": 1747623726.8847542, "_runtime": 113.29302310943604, "_step": 19, "val_loss": 0.8662878121648516, "val_accuracy": 0.7380203059741429, "_wandb": {"runtime": 113}}