{"train_loss": 0.40308768508144466, "train_accuracy": 0.8678875392149222, "_timestamp": 1747602876.2965984, "_runtime": 148.9878695011139, "_step": 19, "val_loss": 1.0083602701408276, "val_accuracy": 0.7100849713104359, "_wandb": {"runtime": 149}}