{"train_loss": 0.37444817933733066, "train_accuracy": 0.8773019634230288, "_timestamp": 1747658376.6146543, "_runtime": 60.594807386398315, "_step": 19, "val_loss": 0.9093297223250071, "val_accuracy": 0.745923701259825, "_wandb": {"runtime": 61}}