{"train_loss": 0.26746605952523345, "train_accuracy": 0.9142578385468852, "_timestamp": 1747629335.5853055, "_runtime": 95.89831852912903, "_step": 19, "val_loss": 0.8897389199052538, "val_accuracy": 0.7654567922864641, "_wandb": {"runtime": 96}}