{"train_loss": 0.3333518187262419, "train_accuracy": 0.891704101610735, "_timestamp": 1747639650.2819505, "_runtime": 96.13478136062622, "_step": 19, "val_loss": 0.8415391675063542, "val_accuracy": 0.7604578137397766, "_wandb": {"runtime": 96}}