{"train_loss": 0.5494948877936843, "train_accuracy": 0.8185899640094338, "_timestamp": 1747610179.865345, "_runtime": 81.95650792121887, "_step": 19, "val_loss": 0.9330979023660932, "val_accuracy": 0.7077431968280248, "_wandb": {"runtime": 82}}