{"train_loss": 0.531329811480693, "train_accuracy": 0.8283275000621818, "_timestamp": 1747635349.4031663, "_runtime": 60.38852524757385, "_step": 19, "val_loss": 0.8117971453401778, "val_accuracy": 0.7478357189231448, "_wandb": {"runtime": 60}}