{"train_loss": 1.2031936387106172, "train_accuracy": 0.6305149824633075, "_timestamp": 1747589620.0654376, "_runtime": 67.8025574684143, "_step": 19, "val_loss": 1.2085908038275583, "val_accuracy": 0.6329239760126386, "_wandb": {"runtime": 68}}