{"train_loss": 0.31613576405731536, "train_accuracy": 0.8950931962078111, "_timestamp": 1747595077.3988469, "_runtime": 154.2953817844391, "_step": 19, "val_loss": 1.0403047627297, "val_accuracy": 0.7105403214261152, "_wandb": {"runtime": 154}}