{"train_loss": 0.5553495006237416, "train_accuracy": 0.8160115060089641, "_timestamp": 1747657561.0254467, "_runtime": 103.50583863258362, "_step": 19, "val_loss": 0.8568179190158844, "val_accuracy": 0.7366944278989519, "_wandb": {"runtime": 104}}