{"train_loss": 0.4949269216674799, "train_accuracy": 0.8348019620789116, "_timestamp": 1747600198.2218318, "_runtime": 156.62366676330566, "_step": 19, "val_loss": 0.9616486516551696, "val_accuracy": 0.7082807525344517, "_wandb": {"runtime": 157}}