{"train_loss": 0.36757736416221354, "train_accuracy": 0.881864007842334, "_timestamp": 1747641529.937968, "_runtime": 59.42563509941101, "_step": 19, "val_loss": 0.8807831505934397, "val_accuracy": 0.7492384413878123, "_wandb": {"runtime": 60}}