{"train_loss": 0.4026485697037912, "train_accuracy": 0.8652113503803408, "_timestamp": 1747621703.92259, "_runtime": 49.969789028167725, "_step": 19, "val_loss": 1.0082683265209198, "val_accuracy": 0.7130407790342966, "_wandb": {"runtime": 50}}