{"train_loss": 0.36526661732293275, "train_accuracy": 0.8796156493225539, "_timestamp": 1747610352.3528273, "_runtime": 55.34924340248108, "_step": 19, "val_loss": 1.0413896905051336, "val_accuracy": 0.7110589179727766, "_wandb": {"runtime": 56}}