{"train_loss": 0.4213564922182546, "train_accuracy": 0.8646173470282141, "_timestamp": 1747636291.8509269, "_runtime": 103.6285469532013, "_step": 19, "val_loss": 0.8124217178140368, "val_accuracy": 0.7570779493876866, "_wandb": {"runtime": 104}}