{"train_loss": 0.3933642735715546, "train_accuracy": 0.8711697410985914, "_timestamp": 1747656105.8260489, "_runtime": 70.39671778678894, "_step": 19, "val_loss": 0.9451571504275004, "val_accuracy": 0.7374037239286635, "_wandb": {"runtime": 71}}