{"train_loss": 0.29737000881159187, "train_accuracy": 0.9030559230299313, "_timestamp": 1747639121.4656737, "_runtime": 173.93555665016174, "_step": 19, "val_loss": 0.8803346364394479, "val_accuracy": 0.7609901022220004, "_wandb": {"runtime": 174}}