{"train_loss": 0.2679309787261004, "train_accuracy": 0.9142392350070049, "_timestamp": 1747609748.1329534, "_runtime": 49.67196249961853, "_step": 19, "val_loss": 1.0290383299191792, "val_accuracy": 0.7244199150138431, "_wandb": {"runtime": 50}}