{"train_loss": 0.36701356710037053, "train_accuracy": 0.8820478213315754, "_timestamp": 1747649713.9461222, "_runtime": 57.69206523895264, "_step": 19, "val_loss": 0.8210287739833196, "val_accuracy": 0.7490286827087402, "_wandb": {"runtime": 58}}