{"train_loss": 0.8403417161853199, "train_accuracy": 0.7235757882791731, "_timestamp": 1747597109.267454, "_runtime": 138.56211495399475, "_step": 19, "val_loss": 0.9413490632305974, "val_accuracy": 0.6970761383789174, "_wandb": {"runtime": 139}}