{"train_loss": 0.3392062430092365, "train_accuracy": 0.8898889050318327, "_timestamp": 1747654269.2880435, "_runtime": 98.087233543396, "_step": 19, "val_loss": 0.8476047396659852, "val_accuracy": 0.7610165783337184, "_wandb": {"runtime": 98}}