{"train_loss": 0.36543670283748925, "train_accuracy": 0.881956046888594, "_timestamp": 1747640072.9083605, "_runtime": 95.01719450950623, "_step": 19, "val_loss": 0.8362975427082606, "val_accuracy": 0.7602736013276237, "_wandb": {"runtime": 95}}