{"train_loss": 0.47736540126662724, "train_accuracy": 0.8458546965108441, "_timestamp": 1747640371.2204127, "_runtime": 61.10739874839783, "_step": 19, "val_loss": 0.7807922396394942, "val_accuracy": 0.7556004259321425, "_wandb": {"runtime": 61}}