{"train_loss": 0.587549679488073, "train_accuracy": 0.8084465653437436, "_timestamp": 1747599429.8342016, "_runtime": 177.36593651771545, "_step": 19, "val_loss": 0.9772003180738809, "val_accuracy": 0.6928655168284541, "_wandb": {"runtime": 177}}