{"train_loss": 0.3783706214731139, "train_accuracy": 0.880255620259081, "_timestamp": 1747630128.9638994, "_runtime": 143.3577742576599, "_step": 19, "val_loss": 0.8532924320962694, "val_accuracy": 0.7478443682193756, "_wandb": {"runtime": 143}}