{"train_loss": 0.5224164271061397, "train_accuracy": 0.827624981637974, "_timestamp": 1747595250.374705, "_runtime": 159.26016402244568, "_step": 19, "val_loss": 0.9469921433407328, "val_accuracy": 0.716522317001785, "_wandb": {"runtime": 159}}