{"train_loss": 1.4346727442879208, "train_accuracy": 0.5723561610100586, "_timestamp": 1747589152.9255347, "_runtime": 39.23297882080078, "_step": 19, "val_loss": 1.4010272290971544, "val_accuracy": 0.5966762105623881, "_wandb": {"runtime": 39}}