{"train_loss": 0.5959639010570846, "train_accuracy": 0.8057019566489025, "_timestamp": 1747595436.7885585, "_runtime": 177.4211564064026, "_step": 19, "val_loss": 0.9560905885005343, "val_accuracy": 0.6974161241365515, "_wandb": {"runtime": 178}}