{"train_loss": 0.3742749068222929, "train_accuracy": 0.8770235056642514, "_timestamp": 1747593031.8914964, "_runtime": 180.18636345863342, "_step": 19, "val_loss": 1.0144305164399354, "val_accuracy": 0.7159579344417738, "_wandb": {"runtime": 180}}