{"train_loss": 0.4368321006697726, "train_accuracy": 0.8569552119756709, "_timestamp": 1747641458.993504, "_runtime": 59.95846509933472, "_step": 19, "val_loss": 0.8979459769195981, "val_accuracy": 0.740392373667823, "_wandb": {"runtime": 60}}