{"train_loss": 0.5995244834081481, "train_accuracy": 0.7978277615286334, "_timestamp": 1747594231.6669412, "_runtime": 143.41415524482727, "_step": 19, "val_loss": 1.0847984733788862, "val_accuracy": 0.6864723226298457, "_wandb": {"runtime": 144}}