{"train_loss": 0.5162153885350731, "train_accuracy": 0.8300236993174132, "_timestamp": 1747604395.867031, "_runtime": 161.72308897972107, "_step": 19, "val_loss": 0.930134129696998, "val_accuracy": 0.7166624578876771, "_wandb": {"runtime": 162}}