{"train_loss": 1.0076806540082057, "train_accuracy": 0.664907157248595, "_timestamp": 1747591089.3554895, "_runtime": 140.88678240776062, "_step": 19, "val_loss": 1.099453133949335, "val_accuracy": 0.640759503495866, "_wandb": {"runtime": 141}}