{"train_loss": 0.3476428227617561, "train_accuracy": 0.8888508295048179, "_timestamp": 1747629472.7929847, "_runtime": 54.41136574745178, "_step": 19, "val_loss": 0.8310161497857835, "val_accuracy": 0.7618550856908163, "_wandb": {"runtime": 55}}