{"train_loss": 0.6372468591426458, "train_accuracy": 0.7910129801409289, "_timestamp": 1747607686.5673852, "_runtime": 165.19909524917603, "_step": 19, "val_loss": 0.9306085507074991, "val_accuracy": 0.714362603166829, "_wandb": {"runtime": 165}}