{"train_loss": 0.36996087294093444, "train_accuracy": 0.8789644883891751, "_timestamp": 1747635842.821495, "_runtime": 103.79341006278992, "_step": 19, "val_loss": 0.8816678711346218, "val_accuracy": 0.7510003106934684, "_wandb": {"runtime": 104}}