{"train_loss": 0.42950813618698563, "train_accuracy": 0.8570201172994051, "_timestamp": 1747609894.6922169, "_runtime": 58.294776916503906, "_step": 19, "val_loss": 1.0097564657529194, "val_accuracy": 0.7200005186928643, "_wandb": {"runtime": 58}}