{"train_loss": 0.37475301549593376, "train_accuracy": 0.8753931351577494, "_timestamp": 1747606075.9745874, "_runtime": 149.95565843582153, "_step": 19, "val_loss": 1.0284692342730537, "val_accuracy": 0.7074695229530334, "_wandb": {"runtime": 150}}