{"train_loss": 0.37973219654408275, "train_accuracy": 0.8753387159445524, "_timestamp": 1747610086.400685, "_runtime": 181.83201599121094, "_step": 19, "val_loss": 1.019155257421991, "val_accuracy": 0.7120495196701824, "_wandb": {"runtime": 182}}