{"train_loss": 0.5688498265653676, "train_accuracy": 0.8081494288981994, "_timestamp": 1747611485.3475916, "_runtime": 91.74231052398682, "_step": 19, "val_loss": 0.9925416639872959, "val_accuracy": 0.7066830311502729, "_wandb": {"runtime": 92}}