{"train_loss": 0.5658530060703261, "train_accuracy": 0.8153695753100294, "_timestamp": 1747601925.213921, "_runtime": 160.4680449962616, "_step": 19, "val_loss": 0.9589915664299674, "val_accuracy": 0.7092672543249269, "_wandb": {"runtime": 161}}