{"train_loss": 0.46222474438951194, "train_accuracy": 0.8506650748969502, "_timestamp": 1747636890.905662, "_runtime": 105.13602805137634, "_step": 19, "val_loss": 0.7922322860785893, "val_accuracy": 0.7592627014432635, "_wandb": {"runtime": 105}}