{"train_loss": 0.3633567801962009, "train_accuracy": 0.8801072017650384, "_timestamp": 1747611746.3040214, "_runtime": 77.96265029907227, "_step": 19, "val_loss": 1.0208390150751387, "val_accuracy": 0.7098327824047633, "_wandb": {"runtime": 78}}