{"train_loss": 0.4274051284169875, "train_accuracy": 0.8635347943774537, "_timestamp": 1747652675.162533, "_runtime": 61.531758069992065, "_step": 19, "val_loss": 0.7934187849362692, "val_accuracy": 0.7571966250737509, "_wandb": {"runtime": 62}}