{"train_loss": 0.4192167169096842, "train_accuracy": 0.8644945814430369, "_timestamp": 1747658907.3421674, "_runtime": 56.1263473033905, "_step": 19, "val_loss": 0.8803218768702613, "val_accuracy": 0.7522588306003146, "_wandb": {"runtime": 56}}