{"train_loss": 0.2907921823898031, "train_accuracy": 0.9040771482132278, "_timestamp": 1747592844.423349, "_runtime": 175.88877201080322, "_step": 19, "val_loss": 1.0480931500593822, "val_accuracy": 0.7155725256256436, "_wandb": {"runtime": 176}}