{"train_loss": 0.5178122549343385, "train_accuracy": 0.8328775904113063, "_timestamp": 1747626701.6349595, "_runtime": 202.87974953651428, "_step": 19, "val_loss": 0.8346847209377565, "val_accuracy": 0.7479603394218113, "_wandb": {"runtime": 203}}