{"train_loss": 0.3544848337338839, "train_accuracy": 0.8852709597245806, "_timestamp": 1747615834.2220461, "_runtime": 59.29064917564392, "_step": 19, "val_loss": 1.0163827902740903, "val_accuracy": 0.7210555771986643, "_wandb": {"runtime": 59}}