{"train_loss": 0.529633955631642, "train_accuracy": 0.8305756139617435, "_timestamp": 1747609826.5389376, "_runtime": 66.70470547676086, "_step": 19, "val_loss": 0.9704724053541819, "val_accuracy": 0.7105388475788964, "_wandb": {"runtime": 67}}