{"train_loss": 0.35971699164092885, "train_accuracy": 0.8835356039118905, "_timestamp": 1747609116.5608938, "_runtime": 51.10458183288574, "_step": 19, "val_loss": 0.9949271844493018, "val_accuracy": 0.7210856609874301, "_wandb": {"runtime": 51}}