{"train_loss": 0.6687683321837056, "train_accuracy": 0.7784282871753494, "_timestamp": 1747612776.229747, "_runtime": 51.81761813163757, "_step": 19, "val_loss": 0.9421089523368411, "val_accuracy": 0.7042111456394196, "_wandb": {"runtime": 52}}