{"train_loss": 0.4397707684880736, "train_accuracy": 0.8575020918267311, "_timestamp": 1747656932.5892332, "_runtime": 58.89269018173218, "_step": 19, "val_loss": 0.7681166099177467, "val_accuracy": 0.7646796173519559, "_wandb": {"runtime": 59}}