{"train_loss": 0.38212301315774794, "train_accuracy": 0.8773528472041946, "_timestamp": 1747637271.3563893, "_runtime": 182.75653624534607, "_step": 19, "val_loss": 0.8343186318010524, "val_accuracy": 0.7572812800822051, "_wandb": {"runtime": 183}}