{"train_loss": 0.32371336058040573, "train_accuracy": 0.8970719355379226, "_timestamp": 1747618337.2764814, "_runtime": 44.36764931678772, "_step": 19, "val_loss": 0.9753402868906657, "val_accuracy": 0.7302953898906708, "_wandb": {"runtime": 44}}