{"train_loss": 0.33056238552049405, "train_accuracy": 0.8924839367411729, "_timestamp": 1747616058.984866, "_runtime": 100.13809394836426, "_step": 19, "val_loss": 0.9800937601498195, "val_accuracy": 0.7316198195729937, "_wandb": {"runtime": 100}}