{"train_loss": 1.199433354284033, "train_accuracy": 0.5975325577865446, "_timestamp": 1747588946.0377598, "_runtime": 61.833677768707275, "_step": 19, "val_loss": 1.2163784555026462, "val_accuracy": 0.5972813316753932, "_wandb": {"runtime": 62}}