{"train_loss": 0.28893480550190476, "train_accuracy": 0.9051758119062818, "_timestamp": 1747650004.3322258, "_runtime": 174.12581276893616, "_step": 19, "val_loss": 0.892361623869426, "val_accuracy": 0.7545817053836325, "_wandb": {"runtime": 174}}