{"train_loss": 0.33401706052481095, "train_accuracy": 0.8915015111079795, "_timestamp": 1747629164.8428817, "_runtime": 98.5918276309967, "_step": 19, "val_loss": 0.8296767345496586, "val_accuracy": 0.7637620994022915, "_wandb": {"runtime": 99}}