{"train_loss": 0.3917793281850098, "train_accuracy": 0.872179790728354, "_timestamp": 1747638770.6954684, "_runtime": 52.96856141090393, "_step": 19, "val_loss": 0.8553748395707872, "val_accuracy": 0.7555535965495639, "_wandb": {"runtime": 53}}