{"train_loss": 0.3976375378797509, "train_accuracy": 0.8732851514582, "_timestamp": 1747651597.8384676, "_runtime": 102.51431560516357, "_step": 19, "val_loss": 0.8072238726275308, "val_accuracy": 0.7618782673563276, "_wandb": {"runtime": 103}}