{"train_loss": 0.41741575843336953, "train_accuracy": 0.8602252685265734, "_timestamp": 1747620749.8880212, "_runtime": 55.68281126022339, "_step": 19, "val_loss": 1.018643981880612, "val_accuracy": 0.7136457959810892, "_wandb": {"runtime": 56}}