{"train_loss": 0.3218180819720504, "train_accuracy": 0.8934189441752676, "_timestamp": 1747602426.7241971, "_runtime": 163.19699811935425, "_step": 19, "val_loss": 1.072286189466283, "val_accuracy": 0.7107176340144613, "_wandb": {"runtime": 163}}