{"train_loss": 0.5157495987225545, "train_accuracy": 0.8281139447616599, "_timestamp": 1747602088.9926913, "_runtime": 151.15725326538086, "_step": 19, "val_loss": 0.9564256426216899, "val_accuracy": 0.7109271702559098, "_wandb": {"runtime": 151}}