{"train_loss": 0.48414111102936586, "train_accuracy": 0.8368264577981365, "_timestamp": 1747619715.5028667, "_runtime": 58.69342279434204, "_step": 19, "val_loss": 0.976244674788581, "val_accuracy": 0.7143575449784597, "_wandb": {"runtime": 59}}