{"train_loss": 0.42850226680667414, "train_accuracy": 0.8623797593778268, "_timestamp": 1747614003.7003396, "_runtime": 54.65286350250244, "_step": 19, "val_loss": 0.9676942560407851, "val_accuracy": 0.7251908746030595, "_wandb": {"runtime": 55}}