{"train_loss": 0.3238456592049902, "train_accuracy": 0.8957507245113395, "_timestamp": 1747612470.5993917, "_runtime": 57.928523778915405, "_step": 19, "val_loss": 0.98645661605729, "val_accuracy": 0.7224169009261661, "_wandb": {"runtime": 58}}