{"train_loss": 0.4709520427822378, "train_accuracy": 0.8484085240116009, "_timestamp": 1747613205.4345615, "_runtime": 52.20709252357483, "_step": 19, "val_loss": 0.9324028193950653, "val_accuracy": 0.7236892051166959, "_wandb": {"runtime": 52}}