{"train_loss": 0.4587772051033946, "train_accuracy": 0.8537006385064538, "_timestamp": 1747655308.3610883, "_runtime": 63.84117817878723, "_step": 19, "val_loss": 0.7961253821849823, "val_accuracy": 0.7607298294703165, "_wandb": {"runtime": 64}}