{"train_loss": 0.4189354296709072, "train_accuracy": 0.8645555842129481, "_timestamp": 1747617827.2660098, "_runtime": 60.33105778694153, "_step": 19, "val_loss": 0.9264622926712036, "val_accuracy": 0.7307630976041158, "_wandb": {"runtime": 61}}