{"train_loss": 0.3873758155831023, "train_accuracy": 0.8706186613595555, "_timestamp": 1747621531.634043, "_runtime": 51.109890937805176, "_step": 19, "val_loss": 1.0332936578326755, "val_accuracy": 0.7175756759113736, "_wandb": {"runtime": 51}}