{"train_loss": 0.3928207941137986, "train_accuracy": 0.8730367683950876, "_timestamp": 1747649439.6594443, "_runtime": 54.48481321334839, "_step": 19, "val_loss": 0.8224566645092435, "val_accuracy": 0.7535802258385552, "_wandb": {"runtime": 55}}