{"train_loss": 0.41248885296672755, "train_accuracy": 0.868069206014534, "_timestamp": 1747653571.5669773, "_runtime": 64.16220235824585, "_step": 19, "val_loss": 0.8427706725067563, "val_accuracy": 0.7529781758785248, "_wandb": {"runtime": 64}}