{"train_loss": 0.36227311615999036, "train_accuracy": 0.8809784476812175, "_timestamp": 1747616837.2559, "_runtime": 76.7092969417572, "_step": 19, "val_loss": 1.0051468065806797, "val_accuracy": 0.7111074481691633, "_wandb": {"runtime": 77}}