{"train_loss": 0.48223364267046054, "train_accuracy": 0.8446447060287343, "_timestamp": 1747632260.682466, "_runtime": 60.993602991104126, "_step": 19, "val_loss": 0.7818514903386434, "val_accuracy": 0.7597724629773034, "_wandb": {"runtime": 61}}