{"train_loss": 0.43546241642422756, "train_accuracy": 0.8607277537701447, "_timestamp": 1747605917.7147255, "_runtime": 108.81520342826843, "_step": 19, "val_loss": 1.0197742649487087, "val_accuracy": 0.7138816322599139, "_wandb": {"runtime": 109}}