{"train_loss": 0.4389520156590236, "train_accuracy": 0.8529386437697217, "_timestamp": 1747608987.1057642, "_runtime": 59.64044404029846, "_step": 19, "val_loss": 0.9921480251683129, "val_accuracy": 0.7155259715186225, "_wandb": {"runtime": 60}}