{"train_loss": 0.45167052814726194, "train_accuracy": 0.8556493620651995, "_timestamp": 1747633159.5438063, "_runtime": 61.5063374042511, "_step": 19, "val_loss": 0.8294082350201077, "val_accuracy": 0.7504193782806396, "_wandb": {"runtime": 62}}