{"train_loss": 0.5197011938673912, "train_accuracy": 0.8321613200827142, "_timestamp": 1747658093.926352, "_runtime": 70.1592149734497, "_step": 19, "val_loss": 0.8215395013491312, "val_accuracy": 0.7520143091678619, "_wandb": {"runtime": 70}}